PassengerId,Transported
0013_01,0.876572349
0018_01,0.473987296
0019_01,0.872837674
0021_01,0.433884513
0023_01,0.471863612
0027_01,0.44858696
0029_01,0.881997401
0032_01,0.882881235
0032_02,0.880212393
0033_01,0.463379817
0037_01,0.473987296
0040_01,0.419297521
0040_02,0.42137338
0042_01,0.857964931
0046_01,0.469740946
0046_02,0.457030585
0046_03,0.471863612
0047_01,0.86002874
0047_02,0.452805378
0047_03,0.429703944
0048_01,0.450695283
0049_01,0.484618305
0054_01,0.872837674
0054_02,0.457030585
0054_03,0.37646681
0055_01,0.463379817
0057_01,0.473987296
0059_01,0.868033995
0060_01,0.469740946
0063_01,0.884631686
0065_01,0.877491173
0075_01,0.473987296
0079_01,0.855875792
0080_01,0.465498973
0083_01,0.463379817
0087_01,0.473987296
0089_01,0.879311171
0093_01,0.457030585
0094_01,0.894662624
0094_02,0.444375927
0095_01,0.465498973
0096_01,0.450695283
0100_01,0.464468877
0100_02,0.512300087
0104_01,0.471863612
0106_01,0.885498351
0109_01,0.442273364
0117_01,0.463379817
0118_01,0.452805378
0121_01,0.471863612
0124_01,0.89546284
0125_01,0.881107795
0125_02,0.48036369
0130_01,0.893857009
0131_01,0.438074513
0132_01,0.459145548
0135_01,0.429703944
0137_01,0.874716934
0142_01,0.897831345
0142_02,0.465498973
0142_03,0.514428494
0143_01,0.450695283
0145_01,0.39666636
0150_01,0.868033995
0150_02,0.847262777
0153_01,0.473987296
0154_01,0.865078524
0155_01,0.433884513
0156_01,0.983355713
0157_01,0.440172868
0158_01,0.459145548
0158_02,0.44858696
0159_01,0.433884513
0161_01,0.457030585
0162_01,0.873780296
0166_01,0.467619374
0168_01,0.874716934
0175_01,0.899383816
0175_02,0.986004233
0175_03,0.897047175
0175_04,0.876572349
0175_05,0.495263253
0176_01,0.452805378
0180_01,0.476111921
0184_01,0.467619374
0185_01,0.463379817
0187_01,0.878404106
0191_01,0.438074513
0194_01,0.8880644
0194_02,0.879311171
0194_03,0.464621629
0204_01,0.452805378
0208_01,0.981698018
0209_01,0.448949745
0214_01,0.417224515
0214_02,0.425533377
0215_01,0.880212393
0218_01,0.473987296
0226_01,0.461261984
0227_01,0.984259142
0228_01,0.869006881
0228_02,0.442635142
0228_03,0.862067382
0228_04,0.440172868
0230_01,0.874716934
0230_02,0.471863612
0235_01,0.878404106
0236_01,0.868033995
0238_01,0.431793014
0247_01,0.880212393
0247_02,0.883759322
0249_01,0.408962393
0256_01,0.427617374
0259_01,0.473987296
0262_01,0.471863612
0264_01,0.883759322
0264_02,0.866069838
0264_03,0.446480483
0266_01,0.42137338
0266_02,0.476111921
0268_01,0.411023301
0268_02,0.465498973
0271_01,0.44858696
0272_01,0.398707105
0273_01,0.388539924
0273_02,0.882881235
0273_03,0.442273364
0274_01,0.484618305
0274_02,0.877491173
0276_01,0.473987296
0276_02,0.878404106
0279_01,0.425533377
0280_01,0.476111921
0284_01,0.408962393
0292_01,0.459145548
0293_01,0.856923538
0295_01,0.440172868
0296_01,0.392595706
0299_01,0.471863612
0300_01,0.45491717
0308_01,0.889747058
0311_01,0.471863612
0312_01,0.881107795
0317_01,0.44858696
0318_01,0.879311171
0319_01,0.478237411
0319_02,0.875035759
0323_01,0.884631686
0325_01,0.423810103
0328_01,0.433884513
0329_01,0.875807212
0332_01,0.882881235
0335_01,0.478603362
0339_01,0.404850228
0339_02,0.48249068
0339_03,0.461261984
0339_04,0.8880644
0339_05,0.875035759
0339_06,0.48036369
0339_07,0.413087336
0339_08,0.438074513
0342_01,0.473987296
0342_02,0.861051197
0344_01,0.871889044
0344_02,0.400751374
0349_01,0.982739314
0349_02,0.881997401
0349_03,0.444375927
0349_04,0.875647611
0349_05,0.465498973
0349_06,0.459145548
0351_01,0.868201897
0353_01,0.897831345
0353_02,0.881997401
0354_01,0.368501444
0362_01,0.471863612
0363_01,0.44858696
0363_02,0.497393067
0363_03,0.89546284
0364_01,0.419297521
0364_02,0.435978371
0366_01,0.879311171
0367_01,0.398707105
0374_01,0.476111921
0374_02,0.438074513
0386_01,0.390565925
0390_01,0.841668234
0393_01,0.417224515
0394_01,0.452805378
0399_01,0.884631686
0400_01,0.882881235
0404_01,0.45491717
0406_01,0.459145548
0414_01,0.446480483
0416_01,0.476111921
0418_01,0.408962393
0419_01,0.41515443
0419_02,0.887214684
0419_03,0.869006881
0420_01,0.411023301
0421_01,0.446480483
0422_01,0.382485237
0424_01,0.400751374
0426_01,0.480729769
0440_01,0.433884513
0443_01,0.408962393
0450_01,0.446480483
0451_01,0.870934384
0455_01,0.450695283
0464_01,0.875647611
0467_01,0.881107795
0467_02,0.875035759
0467_03,0.867054987
0467_04,0.390565925
0469_01,0.44858696
0473_01,0.461261984
0478_01,0.433884513
0478_02,0.867054987
0479_01,0.86002874
0483_01,0.880366936
0483_02,0.419297521
0484_01,0.850541079
0486_01,0.469740946
0489_01,0.870934384
0489_02,0.884631686
0491_01,0.435978371
0492_01,0.442273364
0493_01,0.857964931
0494_01,0.884631686
0494_02,0.473987296
0495_01,0.896257682
0495_02,0.899383816
0495_03,0.889747058
0495_04,0.499522975
0495_05,0.442273364
0495_06,0.49313361
0496_01,0.514428494
0496_02,0.8880644
0497_01,0.876572349
0505_01,0.469740946
0508_01,0.435978371
0509_01,0.874716934
0511_01,0.478237411
0514_01,0.885498351
0524_01,0.440172868
0526_01,0.86997367
0530_01,0.478237411
0530_02,0.431793014
0530_03,0.85287835
0532_01,0.440172868
0532_02,0.885498351
0535_01,0.452805378
0536_01,0.48249068
0536_02,0.435978371
0541_01,0.868033995
0543_01,0.868033995
0544_01,0.476111921
0554_01,0.386517768
0557_01,0.858999992
0557_02,0.881997401
0558_01,0.378468822
0562_01,0.457030585
0562_02,0.888908517
0574_01,0.457394534
0578_01,0.885498351
0578_02,0.981075563
0584_01,0.881997401
0584_02,0.48036369
0592_01,0.427617374
0595_01,0.864081025
0601_01,0.48036369
0604_01,0.478237411
0605_01,0.429703944
0606_01,0.867054987
0613_01,0.850541079
0613_02,0.862067382
0616_01,0.44858696
0617_01,0.476111921
0620_01,0.412232589
0620_02,0.471863612
0620_03,0.473987296
0621_01,0.467619374
0622_01,0.427617374
0624_01,0.45491717
0625_01,0.899383816
0625_02,0.862067382
0625_03,0.882881235
0626_01,0.878404106
0626_02,0.881107795
0626_03,0.466741524
0627_01,0.419297521
0632_01,0.473987296
0632_02,0.48036369
0632_03,0.884631686
0640_01,0.866069838
0640_02,0.876572349
0648_01,0.438074513
0648_02,0.469740946
0649_01,0.512300087
0651_01,0.878404106
0652_01,0.897047175
0652_02,0.499522975
0652_03,0.514428494
0652_04,0.446480483
0652_05,0.503782768
0654_01,0.350844636
0662_01,0.473987296
0666_01,0.873780296
0666_02,0.486746487
0667_01,0.402799104
0670_01,0.429703944
0670_02,0.446480483
0673_01,0.872837674
0675_01,0.382485237
0676_01,0.476111921
0681_01,0.881997401
0692_01,0.484618305
0694_01,0.863077318
0695_01,0.864081025
0698_01,0.392595706
0700_01,0.467619374
0706_01,0.888908517
0708_01,0.886359342
0708_02,0.888908517
0711_01,0.48249068
0716_01,0.425533377
0717_01,0.879311171
0717_02,0.4849846
0717_03,0.875035759
0717_04,0.874716934
0717_05,0.48249068
0717_06,0.982001666
0717_07,0.860205187
0720_01,0.882881235
0720_02,0.453527115
0720_03,0.473987296
0721_01,0.417224515
0722_01,0.469740946
0723_01,0.452805378
0725_01,0.875035759
0730_01,0.42137338
0731_01,0.473987296
0731_02,0.452805378
0735_01,0.461261984
0739_01,0.427617374
0741_01,0.473987296
0742_01,0.444375927
0742_02,0.878404106
0744_01,0.86002874
0745_01,0.469740946
0747_01,0.446480483
0748_01,0.870934384
0748_02,0.446480483
0749_01,0.883759322
0751_01,0.881997401
0752_01,0.880212393
0755_01,0.44858696
0758_01,0.467619374
0758_02,0.826344287
0758_03,0.402799104
0759_01,0.864081025
0759_02,0.465498973
0759_03,0.868033995
0760_01,0.476111921
0763_01,0.874716934
0763_02,0.413087336
0766_01,0.86997367
0774_01,0.442273364
0774_02,0.457030585
0774_03,0.42137338
0775_01,0.514428494
0775_02,0.898610217
0775_03,0.884631686
0775_04,0.465498973
0775_05,0.459145548
0775_06,0.857964931
0778_01,0.863077318
0778_02,0.461261984
0780_01,0.853761161
0783_01,0.45491717
0792_01,0.885498351
0800_01,0.458269912
0801_01,0.883759322
0803_01,0.9825942
0804_01,0.875647611
0807_01,0.41515443
0810_01,0.45491717
0812_01,0.866069838
0814_01,0.473108114
0821_01,0.984778508
0827_01,0.469740946
0827_02,0.429703944
0827_03,0.834736498
0831_01,0.431793014
0832_01,0.883759322
0837_01,0.875647611
0837_02,0.452805378
0838_01,0.881107795
0838_02,0.465498973
0841_01,0.427617374
0842_01,0.878404106
0843_01,0.861051197
0844_01,0.849454805
0847_01,0.484618305
0852_01,0.832372453
0854_01,0.879311171
0855_01,0.435978371
0856_01,0.45491717
0857_01,0.390565925
0858_01,0.471863612
0858_02,0.880212393
0861_01,0.390565925
0862_01,0.882881235
0864_01,0.438074513
0864_02,0.861051197
0864_03,0.892229479
0866_01,0.871889044
0872_01,0.463379817
0880_01,0.8880644
0880_02,0.858999992
0882_01,0.465498973
0884_01,0.390565925
0884_02,0.45491717
0886_01,0.386517768
0886_02,0.851620884
0886_03,0.89546284
0887_01,0.40690468
0887_02,0.459145548
0888_01,0.42137338
0888_02,0.417224515
0891_01,0.446480483
0892_01,0.885498351
0892_02,0.881997401
0892_03,0.851620884
0894_01,0.851620884
0895_01,0.484618305
0896_01,0.469740946
0897_01,0.862067382
0897_02,0.875647611
0900_01,0.877491173
0908_01,0.893857009
0909_01,0.484618305
0909_02,0.897047175
0909_03,0.877491173
0914_01,0.400751374
0916_01,0.398707105
0917_01,0.48036369
0920_01,0.433884513
0929_01,0.413087336
0934_01,0.486746487
0936_01,0.471863612
0937_01,0.884631686
0943_01,0.858999992
0943_02,0.89546284
0943_03,0.981389343
0945_01,0.408962393
0945_02,0.469740946
0948_01,0.467619374
0950_01,0.880212393
0954_01,0.467619374
0958_01,0.469740946
0959_01,0.463379817
0962_01,0.463379817
0963_01,0.862067382
0967_01,0.473987296
0973_01,0.446480483
0974_01,0.440172868
0977_01,0.883759322
0980_01,0.398707105
0981_01,0.440172868
0981_02,0.839384266
0986_01,0.37646681
0986_02,0.86425317
0996_01,0.471863612
0999_01,0.881997401
0999_02,0.40690468
1003_01,0.486746487
1007_01,0.463379817
1009_01,0.45491717
1010_01,0.851620884
1016_01,0.446480483
1021_01,0.465498973
1023_01,0.867054987
1028_01,0.869006881
1037_01,0.857964931
1039_01,0.444375927
1042_01,0.447714792
1044_01,0.40690468
1050_01,0.875035759
1055_01,0.467984488
1059_01,0.881107795
1059_02,0.870934384
1061_01,0.872837674
1064_01,0.48036369
1064_02,0.501652902
1067_01,0.476111921
1069_01,0.873780296
1070_01,0.463379817
1072_01,0.846156986
1072_02,0.879311171
1072_03,0.465498973
1072_04,0.429703944
1072_05,0.469740946
1072_06,0.478237411
1072_07,0.878404106
1072_08,0.86997367
1073_01,0.476111921
1074_01,0.497393067
1074_02,0.8880644
1081_01,0.985031828
1087_01,0.467619374
1090_01,0.881997401
1090_02,0.465498973
1092_01,0.877491173
1098_01,0.476111921
1101_01,0.364545184
1103_01,0.476111921
1104_01,0.879311171
1106_01,0.438074513
1106_02,0.888908517
1107_01,0.473987296
1109_01,0.45491717
1111_01,0.897831345
1111_02,0.89546284
1111_03,0.461261984
1118_01,0.419297521
1118_02,0.843925763
1118_03,0.986237438
1118_04,0.438074513
1118_05,0.429703944
1119_01,0.443505361
1119_02,0.872837674
1120_01,0.473987296
1122_01,0.888908517
1124_01,0.872837674
1124_02,0.881107795
1124_03,0.404850228
1125_01,0.467619374
1125_02,0.86997367
1126_01,0.880212393
1128_01,0.8880644
1128_02,0.873780296
1131_01,0.82511831
1135_01,0.45491717
1135_02,0.386517768
1135_03,0.461261984
1135_04,0.469740946
1137_01,0.453527115
1137_02,0.460385748
1138_01,0.427617374
1139_01,0.878404106
1143_01,0.45491717
1145_01,0.514428494
1145_02,0.473987296
1145_03,0.467619374
1145_04,0.510171233
1151_01,0.440172868
1157_01,0.425533377
1158_01,0.857964931
1158_02,0.877491173
1159_01,0.883759322
1159_02,0.491004217
1159_03,0.890580049
1160_01,0.478237411
1164_01,0.465498973
1171_01,0.435978371
1172_01,0.884631686
1176_01,0.413087336
1181_01,0.476111921
1183_01,0.884631686
1183_02,0.45193173
1183_03,0.877491173
1184_01,0.877491173
1184_02,0.398707105
1189_01,0.473987296
1194_01,0.378468822
1196_01,0.45491717
1196_02,0.463379817
1200_01,0.851620884
1201_01,0.374469007
1201_02,0.442273364
1202_01,0.465498973
1204_01,0.459145548
1205_01,0.45491717
1207_01,0.495263253
1207_02,0.512300087
1207_03,0.898610217
1207_04,0.392595706
1209_01,0.390565925
1209_02,0.411378371
1217_01,0.497393067
1217_02,0.875647611
1219_01,0.473987296
1219_02,0.880212393
1224_01,0.856923538
1224_02,0.478237411
1226_01,0.870934384
1226_02,0.861051197
1227_01,0.875647611
1237_01,0.446480483
1241_01,0.486746487
1244_01,0.884631686
1245_01,0.886359342
1247_01,0.894662624
1249_01,0.457030585
1251_01,0.874716934
1252_01,0.446480483
1253_01,0.465498973
1257_01,0.870934384
1257_02,0.852694238
1257_03,0.427617374
1257_04,0.471863612
1262_01,0.514428494
1262_02,0.486746487
1265_01,0.888908517
1266_01,0.486746487
1268_01,0.879311171
1270_01,0.453527115
1272_01,0.446480483
1275_01,0.463379817
1276_01,0.457030585
1277_01,0.463379817
1290_01,0.442273364
1296_01,0.459145548
1297_01,0.467619374
1298_01,0.49313361
1301_01,0.45491717
1301_02,0.89546284
1301_03,0.875035759
1303_01,0.452805378
1305_01,0.478237411
1313_01,0.476111921
1314_01,0.440172868
1315_01,0.425533377
1318_01,0.869006881
1319_01,0.425533377
1319_02,0.444375927
1320_01,0.882881235
1320_02,0.897831345
1320_03,0.897831345
1321_01,0.861051197
1321_02,0.891407514
1321_03,0.459145548
1321_04,0.425533377
1327_01,0.879311171
1329_01,0.446480483
1334_01,0.465498973
1338_01,0.875035759
1338_02,0.887214684
1339_01,0.887214684
1341_01,0.453527115
1341_02,0.887214684
1341_03,0.486746487
1343_01,0.444375927
1343_02,0.41515443
1343_03,0.457030585
1344_01,0.476111921
1346_01,0.49313361
1349_01,0.864081025
1349_02,0.875647611
1354_01,0.465498973
1354_02,0.465498973
1354_03,0.863077318
1354_04,0.471863612
1354_05,0.874716934
1354_06,0.885498351
1354_07,0.469740946
1358_01,0.878404106
1358_02,0.461261984
1359_01,0.45491717
1361_01,0.879311171
1361_02,0.39666636
1363_01,0.438074513
1364_01,0.471863612
1364_02,0.408962393
1367_01,0.874716934
1369_01,0.442273364
1369_02,0.864081025
1369_03,0.471863612
1372_01,0.868033995
1373_01,0.461261984
1374_01,0.880737863
1388_01,0.885498351
1392_01,0.425533377
1394_01,0.856923538
1396_01,0.476477731
1405_01,0.453527115
1409_01,0.437206578
1409_02,0.861051197
1411_01,0.465498973
1418_01,0.417224515
1422_01,0.872837674
1422_02,0.435978371
1422_03,0.413087336
1429_01,0.45491717
1432_01,0.433884513
1432_02,0.44858696
1436_01,0.440172868
1437_01,0.45491717
1441_01,0.452805378
1446_01,0.473987296
1448_01,0.453527115
1449_01,0.42137338
1456_01,0.390565925
1459_01,0.465498973
1464_01,0.413087336
1466_01,0.854821673
1468_01,0.48249068
1469_01,0.450695283
1469_02,0.471863612
1470_01,0.882881235
1471_01,0.501652902
1471_02,0.898610217
1471_03,0.512300087
1471_04,0.510171233
1471_05,0.893045969
1472_01,0.874716934
1473_01,0.423452022
1473_02,0.362573859
1475_01,0.413087336
1476_01,0.463379817
1477_01,0.471863612
1477_02,0.478237411
1480_01,0.862067382
1482_01,0.881107795
1483_01,0.400751374
1486_01,0.863077318
1487_01,0.899383816
1487_02,0.471863612
1492_01,0.400751374
1492_02,0.362573859
1494_01,0.478237411
1495_01,0.469740946
1495_02,0.842800295
1496_01,0.853761161
1497_01,0.885498351
1497_02,0.884631686
1502_01,0.461261984
1502_02,0.39990476
1502_03,0.857964931
1502_04,0.829981479
1504_01,0.469740946
1505_01,0.433884513
1508_01,0.465498973
1512_01,0.463379817
1513_01,0.878404106
1514_01,0.869006881
1516_01,0.469740946
1517_01,0.467619374
1518_01,0.388539924
1518_02,0.452805378
1519_01,0.411023301
1522_01,0.876572349
1530_01,0.465498973
1534_01,0.984126599
1534_02,0.982739314
1535_01,0.440172868
1537_01,0.457030585
1538_01,0.42137338
1538_02,0.476111921
1546_01,0.872837674
1549_01,0.469740946
1553_01,0.876572349
1553_02,0.438074513
1554_01,0.870934384
1554_02,0.450695283
1556_01,0.874716934
1557_01,0.446480483
1559_01,0.872837674
1559_02,0.876572349
1563_01,0.878404106
1566_01,0.866069838
1570_01,0.41515443
1571_01,0.463379817
1574_01,0.857964931
1575_01,0.886359342
1582_01,0.461626438
1582_02,0.514428494
1583_01,0.842800295
1586_01,0.408962393
1587_01,0.867054987
1587_02,0.876572349
1589_01,0.452805378
1591_01,0.453527115
1591_02,0.467619374
1598_01,0.453527115
1598_02,0.453527115
1600_01,0.484618305
1605_01,0.453527115
1607_01,0.882881235
1609_01,0.473987296
1610_01,0.484618305
1616_01,0.832372453
1618_01,0.459145548
1620_01,0.4722291
1623_01,0.448949745
1627_01,0.86997367
1629_01,0.505912496
1629_02,0.512300087
1629_03,0.879311171
1629_04,0.984390596
1629_05,0.878404106
1629_06,0.86002874
1639_01,0.467619374
1641_01,0.838232327
1642_01,0.446480483
1643_01,0.425533377
1648_01,0.874716934
1652_01,0.896257682
1654_01,0.478237411
1664_01,0.469740946
1665_01,0.851620884
1665_02,0.874716934
1667_01,0.440172868
1675_01,0.880212393
1678_01,0.983585361
1679_01,0.893045969
1680_01,0.471863612
1680_02,0.886359342
1683_01,0.440172868
1684_01,0.42137338
1686_01,0.473987296
1689_01,0.897831345
1689_02,0.450695283
1689_03,0.45491717
1692_01,0.86002874
1693_01,0.471863612
1701_01,0.881107795
1702_01,0.484618305
1703_01,0.471863612
1706_01,0.419297521
1707_01,0.473987296
1716_01,0.425533377
1720_01,0.465498973
1722_01,0.423452022
1726_01,0.471863612
1726_02,0.890580049
1726_03,0.471863612
1732_01,0.881997401
1735_01,0.478237411
1737_01,0.446480483
1741_01,0.463379817
1741_02,0.896257682
1741_03,0.505912496
1743_01,0.438074513
1744_01,0.457030585
1750_01,0.857964931
1751_01,0.879311171
1751_02,0.508042011
1754_01,0.469740946
1756_01,0.425533377
1759_01,0.877491173
1765_01,0.866069838
1773_01,0.438074513
1777_01,0.45491717
1777_02,0.840529563
1780_01,0.467619374
1784_01,0.476111921
1787_01,0.48887515
1788_01,0.446480483
1789_01,0.491004217
1790_01,0.862241671
1790_02,0.855875792
1791_01,0.866069838
1791_02,0.883759322
1793_01,0.467619374
1793_02,0.469740946
1794_01,0.435978371
1795_01,0.45491717
1801_01,0.48249068
1801_02,0.394629206
1809_01,0.881107795
1814_01,0.467619374
1814_02,0.874716934
1814_03,0.514428494
1815_01,0.86002874
1819_01,0.467619374
1820_01,0.883032793
1824_01,0.380474984
1825_01,0.469740946
1825_02,0.440172868
1830_01,0.887214684
1832_01,0.413087336
1835_01,0.881107795
1835_02,0.862067382
1837_01,0.888908517
1838_01,0.869006881
1839_01,0.457030585
1840_01,0.881997401
1842_01,0.467619374
1845_01,0.444375927
1851_01,0.461261984
1851_02,0.867054987
1852_01,0.868033995
1852_02,0.41515443
1852_03,0.86997367
1852_04,0.874716934
1858_01,0.431793014
1862_01,0.983585361
1862_02,0.440172868
1862_03,0.514428494
1867_01,0.870934384
1869_01,0.463379817
1870_01,0.473987296
1875_01,0.444375927
1876_01,0.473987296
1883_01,0.886359342
1885_01,0.41515443
1893_01,0.864081025
1894_01,0.883759322
1895_01,0.457030585
1896_01,0.44858696
1900_01,0.463379817
1904_01,0.44858696
1909_01,0.863077318
1909_02,0.886359342
1909_03,0.457030585
1910_01,0.491004217
1910_02,0.45491717
1910_03,0.40690468
1910_04,0.512300087
1912_01,0.39666636
1913_01,0.453527115
1913_02,0.846156986
1913_03,0.888908517
1914_01,0.871889044
1917_01,0.45491717
1919_01,0.48887515
1921_01,0.440172868
1921_02,0.449822359
1924_01,0.8880644
1929_01,0.459145548
1930_01,0.461261984
1932_01,0.457030585
1934_01,0.465498973
1936_01,0.419297521
1943_01,0.408962393
1944_01,0.463379817
1948_01,0.400751374
1948_02,0.883759322
1949_01,0.473987296
1951_01,0.875647611
1951_02,0.45491717
1954_01,0.431793014
1955_01,0.471863612
1958_01,0.450695283
1965_01,0.869006881
1966_01,0.438074513
1970_01,0.444375927
1972_01,0.450695283
1982_01,0.461261984
1986_01,0.858999992
1987_01,0.465498973
1989_01,0.852694238
1990_01,0.872837674
1990_02,0.848362044
1998_01,0.463379817
2002_01,0.846156986
2004_01,0.879311171
2005_01,0.42137338
2005_02,0.514428494
2008_01,0.48249068
2014_01,0.854821673
2016_01,0.879311171
2016_02,0.41515443
2017_01,0.459145548
2017_02,0.453527115
2018_01,0.896257682
2020_01,0.450695283
2021_01,0.880212393
2023_01,0.465498973
2023_02,0.896257682
2023_03,0.897047175
2025_01,0.43092798
2030_01,0.467619374
2031_01,0.469740946
2033_01,0.45491717
2035_01,0.440172868
2035_02,0.882881235
2036_01,0.881107795
2036_02,0.450695283
2036_03,0.514428494
2037_01,0.881107795
2037_02,0.48249068
2039_01,0.505912496
2039_02,0.883759322
2039_03,0.874716934
2047_01,0.885498351
2048_01,0.469740946
2049_01,0.882881235
2050_01,0.463379817
2057_01,0.894662624
2057_02,0.495263253
2057_03,0.469740946
2057_04,0.857964931
2057_05,0.471863612
2058_01,0.457030585
2064_01,0.880212393
2068_01,0.875647611
2068_02,0.402799104
2068_03,0.427617374
2068_04,0.446480483
2068_05,0.457030585
2069_01,0.44858696
2072_01,0.471863612
2072_02,0.473987296
2076_01,0.848362044
2077_01,0.440172868
2078_01,0.831180339
2079_01,0.467619374
2079_02,0.417224515
2079_03,0.48036369
2093_01,0.484618305
2098_01,0.486746487
2101_01,0.86002874
2101_02,0.48249068
2103_01,0.446480483
2108_01,0.459145548
2108_02,0.425533377
2109_01,0.86002874
2113_01,0.887214684
2119_01,0.440172868
2119_02,0.869006881
2122_01,0.463379817
2132_01,0.883759322
2146_01,0.435978371
2146_02,0.872837674
2151_01,0.865078524
2155_01,0.440172868
2157_01,0.459145548
2160_01,0.459145548
2160_02,0.899383816
2160_03,0.893045969
2165_01,0.432152861
2166_01,0.471863612
2169_01,0.39666636
2170_01,0.44858696
2174_01,0.48036369
2176_01,0.874716934
2178_01,0.467619374
2181_01,0.431793014
2184_01,0.878404106
2184_02,0.981233097
2185_01,0.867054987
2192_01,0.463379817
2197_01,0.402799104
2199_01,0.4849846
2208_01,0.463379817
2213_01,0.44858696
2214_01,0.457030585
2216_01,0.394629206
2217_01,0.459145548
2218_01,0.48249068
2222_01,0.883759322
2226_01,0.983585361
2227_01,0.880212393
2230_01,0.894662624
2236_01,0.493500179
2240_01,0.897831345
2240_02,0.469740946
2240_03,0.514428494
2242_01,0.884631686
2244_01,0.417224515
2245_01,0.861051197
2245_02,0.861647509
2246_01,0.429703944
2246_02,0.42137338
2247_01,0.457030585
2248_01,0.398707105
2249_01,0.463379817
2250_01,0.457030585
2259_01,0.444375927
2259_02,0.869006881
2260_01,0.870934384
2265_01,0.442273364
2271_01,0.435978371
2276_01,0.857964931
2276_02,0.419297521
2283_01,0.484618305
2285_01,0.453527115
2286_01,0.39666636
2290_01,0.879311171
2292_01,0.883759322
2293_01,0.852694238
2294_01,0.463379817
2297_01,0.465498973
2304_01,0.881997401
2307_01,0.894662624
2307_02,0.491004217
2307_03,0.505912496
2307_04,0.514428494
2307_05,0.893857009
2322_01,0.463379817
2323_01,0.457394534
2324_01,0.423452022
2326_01,0.879311171
2328_01,0.411023301
2330_01,0.469740946
2331_01,0.874716934
2334_01,0.461261984
2335_01,0.876572349
2337_01,0.8880644
2342_01,0.374469007
2343_01,0.885498351
2343_02,0.42137338
2344_01,0.404850228
2344_02,0.8880644
2346_01,0.478237411
2350_01,0.473987296
2350_02,0.438074513
2350_03,0.883759322
2351_01,0.461261984
2351_02,0.431793014
2352_01,0.446480483
2354_01,0.358645096
2355_01,0.867054987
2355_02,0.878404106
2355_03,0.444375927
2355_04,0.461261984
2358_01,0.463379817
2359_01,0.467619374
2362_01,0.467619374
2370_01,0.868033995
2370_02,0.896257682
2370_03,0.978190527
2370_04,0.514428494
2371_01,0.48249068
2372_01,0.425533377
2378_01,0.457030585
2378_02,0.89546284
2380_01,0.446480483
2380_02,0.866069838
2381_01,0.881997401
2383_01,0.465498973
2383_02,0.442273364
2386_01,0.875647611
2388_01,0.465498973
2388_02,0.8880644
2393_01,0.388539924
2394_01,0.821399468
2394_02,0.894662624
2394_03,0.478237411
2400_01,0.427617374
2405_01,0.429703944
2407_01,0.980595143
2408_01,0.465498973
2415_01,0.427617374
2418_01,0.388539924
2420_01,0.417224515
2422_01,0.473987296
2422_02,0.884631686
2425_01,0.899383816
2425_02,0.45491717
2425_03,0.450695283
2425_04,0.495263253
2425_05,0.899383816
2425_06,0.896257682
2428_01,0.467619374
2430_01,0.871889044
2430_02,0.986121318
2430_03,0.473987296
2434_01,0.86997367
2434_02,0.463379817
2437_01,0.478237411
2440_01,0.44858696
2447_01,0.425533377
2448_01,0.8880644
2448_02,0.876572349
2450_01,0.469740946
2459_01,0.879311171
2464_01,0.442273364
2465_01,0.440172868
2468_01,0.861051197
2469_01,0.878404106
2469_02,0.473987296
2473_01,0.461261984
2481_01,0.881107795
2481_02,0.465498973
2482_01,0.425533377
2482_02,0.429703944
2484_01,0.829981479
2484_02,0.476111921
2485_01,0.447714792
2487_01,0.505912496
2487_02,0.884631686
2487_03,0.467619374
2490_01,0.433884513
2493_01,0.444375927
2493_02,0.462503012
2494_01,0.884631686
2494_02,0.442273364
2495_01,0.37646681
2501_01,0.856923538
2504_01,0.440172868
2507_01,0.880212393
2511_01,0.438074513
2514_01,0.438074513
2517_01,0.869006881
2525_01,0.48249068
2529_01,0.437206578
2533_01,0.413087336
2536_01,0.856923538
2538_01,0.881997401
2538_02,0.872837674
2539_01,0.486746487
2543_01,0.446480483
2554_01,0.984259142
2556_01,0.864081025
2563_01,0.887214684
2566_01,0.444375927
2567_01,0.875647611
2567_02,0.885498351
2568_01,0.471863612
2569_01,0.425533377
2570_01,0.884631686
2575_01,0.457030585
2576_01,0.871889044
2577_01,0.883759322
2577_02,0.892229479
2579_01,0.438074513
2583_01,0.881997401
2585_01,0.869173733
2586_01,0.862067382
2587_01,0.864081025
2587_02,0.881107795
2600_01,0.48249068
2603_01,0.866069838
2603_02,0.48249068
2604_01,0.879311171
2608_01,0.881107795
2610_01,0.463379817
2611_01,0.461261984
2612_01,0.467619374
2613_01,0.394629206
2614_01,0.461261984
2615_01,0.469740946
2620_01,0.863077318
2621_01,0.457030585
2623_01,0.476111921
2630_01,0.386517768
2630_02,0.892229479
2630_03,0.986803819
2632_01,0.457030585
2637_01,0.471863612
2637_02,0.897831345
2637_03,0.514428494
2639_01,0.878404106
2644_01,0.467619374
2653_01,0.45193173
2654_01,0.45491717
2656_01,0.861051197
2665_01,0.45491717
2667_01,0.871889044
2667_02,0.400751374
2667_03,0.457030585
2667_04,0.873780296
2667_05,0.878404106
2669_01,0.431793014
2673_01,0.484618305
2674_01,0.497393067
2674_02,0.467619374
2680_01,0.457030585
2681_01,0.861051197
2686_01,0.48036369
2689_01,0.429703944
2694_01,0.855875792
2694_02,0.461261984
2696_01,0.452805378
2699_01,0.388539924
2705_01,0.881107795
2710_01,0.867054987
2710_02,0.869006881
2711_01,0.465498973
2715_01,0.463379817
2715_02,0.48249068
2716_01,0.476111921
2716_02,0.8880644
2719_01,0.431793014
2719_02,0.889747058
2719_03,0.423452022
2728_01,0.419297521
2731_01,0.883909893
2733_01,0.404850228
2735_01,0.476111921
2742_01,0.866069838
2744_01,0.453527115
2749_01,0.875647611
2757_01,0.473987296
2761_01,0.419297521
2761_02,0.457030585
2766_01,0.887214684
2767_01,0.467619374
2771_01,0.465498973
2775_01,0.446480483
2776_01,0.48249068
2777_01,0.876190288
2779_01,0.388539924
2782_01,0.980102773
2791_01,0.980916733
2794_01,0.463379817
2794_02,0.467619374
2794_03,0.471863612
2794_04,0.883759322
2794_05,0.429703944
2794_06,0.8880644
2794_07,0.884631686
2800_01,0.882881235
2803_01,0.869006881
2804_01,0.879311171
2808_01,0.873780296
2808_02,0.42137338
2815_01,0.425533377
2815_02,0.897047175
2815_03,0.473987296
2816_01,0.832372453
2827_01,0.853761161
2828_01,0.48249068
2829_01,0.884631686
2830_01,0.878404106
2833_01,0.887214684
2836_01,0.384499518
2841_01,0.473987296
2842_01,0.874716934
2844_01,0.45491717
2845_01,0.878404106
2845_02,0.881107795
2848_01,0.869006881
2848_02,0.841668234
2848_03,0.877491173
2849_01,0.473987296
2850_01,0.510171233
2850_02,0.899383816
2850_03,0.459145548
2850_04,0.894662624
2851_01,0.465498973
2855_01,0.853761161
2864_01,0.476111921
2868_01,0.893857009
2868_02,0.897047175
2868_03,0.98658008
2868_04,0.435978371
2874_01,0.461261984
2879_01,0.467619374
2885_01,0.471863612
2886_01,0.446480483
2889_01,0.442273364
2895_01,0.856923538
2896_01,0.465498973
2898_01,0.467619374
2898_02,0.869006881
2903_01,0.476111921
2904_01,0.438074513
2904_02,0.871889044
2911_01,0.874716934
2914_01,0.883759322
2915_01,0.858999992
2916_01,0.875035759
2917_01,0.484618305
2918_01,0.467619374
2921_01,0.44858696
2922_01,0.461261984
2923_01,0.48249068
2924_01,0.45491717
2931_01,0.86997367
2931_02,0.45491717
2932_01,0.858999992
2933_01,0.981075563
2937_01,0.467619374
2939_01,0.413087336
2946_01,0.461261984
2946_02,0.463379817
2946_03,0.471863612
2946_04,0.417224515
2947_01,0.864081025
2951_01,0.459145548
2952_01,0.39666636
2955_01,0.982151631
2957_01,0.869006881
2963_01,0.48249068
2967_01,0.469740946
2973_01,0.463379817
2974_01,0.450695283
2976_01,0.86997367
2976_02,0.886359342
2976_03,0.848362044
2976_04,0.457030585
2977_01,0.42137338
2977_02,0.478237411
2977_03,0.478237411
2978_01,0.438074513
2980_01,0.476111921
2981_01,0.8880644
2985_01,0.469740946
2987_01,0.459145548
2989_01,0.453527115
2991_01,0.469740946
2997_01,0.878404106
2997_02,0.457030585
2997_03,0.461261984
2997_04,0.861051197
2999_01,0.440172868
3002_01,0.469740946
3007_01,0.465498973
3008_01,0.885498351
3008_02,0.469740946
3008_03,0.881997401
3008_04,0.431793014
3008_05,0.881107795
3008_06,0.864081025
3011_01,0.878404106
3016_01,0.501652902
3016_02,0.898610217
3016_03,0.898610217
3016_04,0.471863612
3017_01,0.478237411
3028_01,0.881107795
3031_01,0.884631686
3035_01,0.411023301
3037_01,0.876572349
3037_02,0.864081025
3041_01,0.467619374
3043_01,0.97925483
3046_01,0.419297521
3049_01,0.444375927
3051_01,0.425533377
3052_01,0.457030585
3056_01,0.886359342
3057_01,0.465498973
3058_01,0.44858696
3059_01,0.840529563
3069_01,0.423452022
3072_01,0.846156986
3074_01,0.465498973
3075_01,0.471863612
3077_01,0.881997401
3077_02,0.876572349
3078_01,0.44858696
3078_02,0.454042828
3078_03,0.879311171
3078_04,0.457030585
3086_01,0.45491717
3089_01,0.86002874
3094_01,0.883759322
3097_01,0.8880644
3098_01,0.378468822
3101_01,0.362573859
3105_01,0.875035759
3105_02,0.461261984
3105_03,0.875035759
3106_01,0.442273364
3107_01,0.839384266
3108_01,0.850541079
3109_01,0.476111921
3115_01,0.864081025
3122_01,0.45491717
3122_02,0.419297521
3125_01,0.446480483
3125_02,0.473987296
3127_01,0.837073729
3129_01,0.471863612
3135_01,0.476111921
3137_01,0.884631686
3139_01,0.392595706
3141_01,0.878404106
3144_01,0.486746487
3146_01,0.453527115
3148_01,0.467619374
3148_02,0.467619374
3150_01,0.49313361
3151_01,0.8880644
3153_01,0.42137338
3153_02,0.891407514
3154_01,0.867054987
3155_01,0.867054987
3155_02,0.42137338
3156_01,0.425533377
3157_01,0.476111921
3160_01,0.442273364
3165_01,0.48249068
3167_01,0.448949745
3170_01,0.876572349
3173_01,0.870934384
3177_01,0.467984488
3178_01,0.881107795
3183_01,0.473987296
3186_01,0.884631686
3187_01,0.44858696
3190_01,0.427617374
3190_02,0.855875792
3194_01,0.465498973
3198_01,0.463744504
3199_01,0.433884513
3202_01,0.469740946
3207_01,0.471863612
3208_01,0.457030585
3214_01,0.870934384
3222_01,0.463379817
3226_01,0.880212393
3228_01,0.467619374
3231_01,0.888908517
3233_01,0.463379817
3234_01,0.446480483
3242_01,0.478237411
3244_01,0.875647611
3244_02,0.857964931
3244_03,0.884631686
3245_01,0.463379817
3245_02,0.471863612
3246_01,0.478237411
3249_01,0.42137338
3249_02,0.442273364
3250_01,0.473987296
3251_01,0.45491717
3257_01,0.875035759
3261_01,0.394629206
3263_01,0.86997367
3264_01,0.476111921
3265_01,0.460385748
3265_02,0.501652902
3265_03,0.850541079
3265_04,0.501652902
3266_01,0.444375927
3267_01,0.861051197
3277_01,0.42137338
3278_01,0.875647611
3281_01,0.867054987
3285_01,0.398707105
3285_02,0.864081025
3286_01,0.433884513
3288_01,0.879311171
3290_01,0.850541079
3290_02,0.386517768
3291_01,0.885498351
3302_01,0.471863612
3303_01,0.467619374
3306_01,0.467984488
3307_01,0.473987296
3316_01,0.465498973
3320_01,0.444375927
3320_02,0.459145548
3321_01,0.870934384
3333_01,0.431793014
3334_01,0.856923538
3335_01,0.444375927
3340_01,0.429703944
3341_01,0.883759322
3341_02,0.459145548
3344_01,0.879311171
3344_02,0.887214684
3345_01,0.510171233
3345_02,0.444375927
3345_03,0.8880644
3346_01,0.478603362
3347_01,0.419297521
3347_02,0.392595706
3351_01,0.888908517
3351_02,0.438074513
3354_01,0.440172868
3355_01,0.880212393
3356_01,0.983585361
3358_01,0.463379817
3362_01,0.423452022
3362_02,0.379644068
3366_01,0.874716934
3367_01,0.45491717
3368_01,0.884631686
3368_02,0.869006881
3368_03,0.984596878
3368_04,0.883759322
3368_05,0.856923538
3368_06,0.48036369
3368_07,0.427617374
3369_01,0.459145548
3373_01,0.867054987
3374_01,0.459145548
3375_01,0.469740946
3376_01,0.419297521
3378_01,0.45491717
3379_01,0.470106253
3385_01,0.440172868
3388_01,0.388539924
3393_01,0.893857009
3398_01,0.48249068
3399_01,0.459145548
3400_01,0.866069838
3407_01,0.463379817
3407_02,0.354735212
3411_01,0.467619374
3411_02,0.467619374
3411_03,0.471863612
3411_04,0.41515443
3411_05,0.878404106
3411_06,0.892229479
3411_07,0.473987296
3414_01,0.42137338
3416_01,0.433018483
3427_01,0.850541079
3429_01,0.876572349
3435_01,0.471863612
3436_01,0.880212393
3448_01,0.471863612
3448_02,0.453527115
3451_01,0.40690468
3452_01,0.467619374
3457_01,0.868033995
3460_01,0.476111921
3463_01,0.473987296
3466_01,0.478237411
3471_01,0.452805378
3472_01,0.476111921
3477_01,0.467619374
3477_02,0.423452022
3479_01,0.463379817
3481_01,0.461261984
3482_01,0.471863612
3482_02,0.880212393
3493_01,0.446480483
3494_01,0.40690468
3494_02,0.467619374
3498_01,0.467619374
3500_01,0.450695283
3502_01,0.465498973
3503_01,0.386517768
3505_01,0.463379817
3507_01,0.473987296
3508_01,0.457030585
3508_02,0.458269912
3509_01,0.848362044
3509_02,0.459145548
3510_01,0.845044654
3513_01,0.842800295
3513_02,0.888908517
3513_03,0.437206578
3513_04,0.869006881
3516_01,0.469740946
3517_01,0.435978371
3522_01,0.872837674
3524_01,0.471863612
3526_01,0.457030585
3529_01,0.864081025
3532_01,0.879775117
3538_01,0.438074513
3541_01,0.473987296
3544_01,0.467619374
3544_02,0.48249068
3545_01,0.476111921
3549_01,0.461261984
3549_02,0.840529563
3551_01,0.402799104
3554_01,0.453527115
3557_01,0.473987296
3571_01,0.881997401
3574_01,0.471863612
3575_01,0.39666636
3580_01,0.380474984
3580_02,0.875035759
3581_01,0.438074513
3583_01,0.40690468
3585_01,0.886359342
3587_01,0.881997401
3587_02,0.408962393
3587_03,0.514428494
3589_01,0.442273364
3589_02,0.897047175
3589_03,0.890580049
3589_04,0.89546284
3589_05,0.41515443
3589_06,0.898610217
3589_07,0.899383816
3590_01,0.465498973
3593_01,0.457030585
3599_01,0.417224515
3601_01,0.442273364
3601_02,0.510171233
3601_03,0.890580049
3601_04,0.512300087
3601_05,0.888908517
3601_06,0.427617374
3601_07,0.491004217
3603_01,0.851620884
3603_02,0.887214684
3604_01,0.845044654
3611_01,0.465498973
3617_01,0.442273364
3617_02,0.495263253
3617_03,0.461261984
3618_01,0.866069838
3618_02,0.43092798
3618_03,0.429703944
3618_04,0.476111921
3621_01,0.425533377
3621_02,0.429703944
3623_01,0.45491717
3627_01,0.39666636
3632_01,0.467619374
3633_01,0.981850465
3635_01,0.869006881
3635_02,0.438074513
3637_01,0.442273364
3638_01,0.467619374
3643_01,0.881997401
3646_01,0.48036369
3646_02,0.440172868
3649_01,0.473987296
3651_01,0.868033995
3656_01,0.446480483
3656_02,0.370486266
3657_01,0.86002874
3657_02,0.86997367
3657_03,0.440172868
3659_01,0.461261984
3659_02,0.897047175
3659_03,0.48887515
3659_04,0.508042011
3659_05,0.486746487
3659_06,0.459145548
3659_07,0.897831345
3661_01,0.461261984
3663_01,0.883759322
3666_01,0.870934384
3669_01,0.427617374
3670_01,0.848362044
3672_01,0.450695283
3672_02,0.440172868
3673_01,0.499522975
3675_01,0.433884513
3675_02,0.852694238
3675_03,0.884631686
3676_01,0.86002874
3683_01,0.884631686
3683_02,0.888908517
3684_01,0.854821673
3684_02,0.497393067
3685_01,0.467619374
3687_01,0.446480483
3689_01,0.453527115
3694_01,0.847262777
3695_01,0.476111921
3696_01,0.876572349
3697_01,0.417224515
3698_01,0.476111921
3701_01,0.873780296
3701_02,0.440172868
3701_03,0.861226563
3709_01,0.870934384
3712_01,0.899383816
3712_02,0.890580049
3712_03,0.899383816
3712_04,0.484618305
3712_05,0.892229479
3717_01,0.435978371
3717_02,0.873780296
3718_01,0.881997401
3720_01,0.871889044
3720_02,0.505912496
3720_03,0.883759322
3721_01,0.466741524
3722_01,0.442273364
3723_01,0.473987296
3725_01,0.884631686
3727_01,0.465498973
3730_01,0.850541079
3731_01,0.888908517
3738_01,0.471863612
3740_01,0.442273364
3746_01,0.476111921
3746_02,0.514428494
3746_03,0.869006881
3746_04,0.899383816
3762_01,0.384499518
3763_01,0.48249068
3764_01,0.875647611
3764_02,0.89546284
3766_01,0.881107795
3766_02,0.8880644
3780_01,0.861051197
3782_01,0.463379817
3782_02,0.378468822
3791_01,0.42137338
3792_01,0.853761161
3794_01,0.887214684
3799_01,0.476111921
3800_01,0.427617374
3802_01,0.469740946
3806_01,0.886359342
3808_01,0.469740946
3809_01,0.452805378
3809_02,0.473987296
3813_01,0.884631686
3819_01,0.461261984
3825_01,0.419297521
3827_01,0.446480483
3828_01,0.444375927
3828_02,0.453527115
3828_03,0.983992959
3829_01,0.452805378
3829_02,0.463379817
3833_01,0.881107795
3834_01,0.884631686
3837_01,0.48036369
3840_01,0.478237411
3843_01,0.476111921
3844_01,0.461261984
3844_02,0.417224515
3845_01,0.438074513
3855_01,0.840529563
3858_01,0.855875792
3858_02,0.886359342
3858_03,0.457030585
3858_04,0.979767749
3859_01,0.878404106
3860_01,0.486746487
3861_01,0.440172868
3863_01,0.471863612
3865_01,0.862067382
3869_01,0.853761161
3876_01,0.835908458
3876_02,0.44858696
3876_03,0.867054987
3877_01,0.364545184
3878_01,0.450695283
3880_01,0.452805378
3881_01,0.469740946
3882_01,0.870934384
3884_01,0.45491717
3885_01,0.427617374
3887_01,0.432152861
3889_01,0.419297521
3889_02,0.386517768
3891_01,0.469740946
3892_01,0.878404106
3892_02,0.433884513
3893_01,0.372475473
3893_02,0.514428494
3893_03,0.469740946
3900_01,0.398707105
3901_01,0.388539924
3902_01,0.883759322
3905_01,0.885498351
3906_01,0.48036369
3906_02,0.452805378
3908_01,0.452805378
3908_02,0.514428494
3910_01,0.887214684
3914_01,0.457030585
3918_01,0.463379817
3920_01,0.484618305
3925_01,0.478237411
3925_02,0.435978371
3929_01,0.465498973
3934_01,0.885498351
3934_02,0.444375927
3943_01,0.450695283
3943_02,0.882881235
3943_03,0.453527115
3947_01,0.461261984
3951_01,0.473987296
3953_01,0.872837674
3956_01,0.465498973
3957_01,0.874716934
3965_01,0.471863612
3969_01,0.459145548
3972_01,0.877491173
3975_01,0.40690468
3978_01,0.453527115
3979_01,0.478237411
3982_01,0.467619374
3983_01,0.44858696
3989_01,0.897831345
3989_02,0.899383816
3989_03,0.508042011
3989_04,0.45491717
3990_01,0.886506978
3993_01,0.48249068
4004_01,0.476111921
4007_01,0.404850228
4011_01,0.411023301
4012_01,0.425533377
4012_02,0.875647611
4015_01,0.877648739
4015_02,0.473987296
4024_01,0.427617374
4025_01,0.44858696
4028_01,0.486746487
4029_01,0.869006881
4041_01,0.874716934
4048_01,0.514428494
4048_02,0.883759322
4048_03,0.453527115
4051_01,0.883759322
4052_01,0.459145548
4054_01,0.856923538
4054_02,0.452805378
4054_03,0.417224515
4056_01,0.476111921
4057_01,0.444375927
4059_01,0.984520969
4059_02,0.435978371
4062_01,0.440172868
4067_01,0.461261984
4070_01,0.881107795
4070_02,0.856923538
4070_03,0.44858696
4073_01,0.457030585
4073_02,0.856923538
4074_01,0.417224515
4077_01,0.41515443
4085_01,0.429703944
4086_01,0.431793014
4086_02,0.865078524
4086_03,0.440172868
4087_01,0.423452022
4088_01,0.433884513
4092_01,0.872837674
4094_01,0.471863612
4094_02,0.42137338
4100_01,0.461261984
4105_01,0.461261984
4111_01,0.882881235
4117_01,0.444375927
4118_01,0.403151932
4119_01,0.465498973
4121_01,0.440172868
4122_01,0.486746487
4123_01,0.469740946
4124_01,0.882881235
4126_01,0.48249068
4133_01,0.855875792
4133_02,0.845044654
4136_01,0.878404106
4136_02,0.423452022
4138_01,0.402799104
4139_01,0.486746487
4146_01,0.497393067
4148_01,0.850541079
4153_01,0.467619374
4155_01,0.872837674
4157_01,0.45491717
4161_01,0.467619374
4162_01,0.876572349
4164_01,0.874716934
4180_01,0.862067382
4180_02,0.436339027
4187_01,0.444375927
4190_01,0.45193173
4192_01,0.425533377
4193_01,0.881107795
4195_01,0.487112871
4198_01,0.857964931
4200_01,0.471863612
4201_01,0.469740946
4202_01,0.877491173
4202_02,0.40690468
4209_01,0.402799104
4217_01,0.452805378
4224_01,0.466741524
4224_02,0.370486266
4226_01,0.877491173
4226_02,0.433884513
4227_01,0.867054987
4228_01,0.484618305
4234_01,0.438074513
4234_02,0.425533377
4235_01,0.461261984
4235_02,0.869006881
4236_01,0.464621629
4236_02,0.889747058
4241_01,0.413087336
4247_01,0.888908517
4247_02,0.469740946
4248_01,0.459145548
4248_02,0.446480483
4250_01,0.878404106
4263_01,0.40690468
4263_02,0.887214684
4263_03,0.8880644
4265_01,0.863077318
4268_01,0.888908517
4268_02,0.865078524
4269_01,0.473987296
4275_01,0.478237411
4276_01,0.427617374
4277_01,0.423452022
4279_01,0.476111921
4281_01,0.467619374
4282_01,0.874716934
4283_01,0.467619374
4284_01,0.840529563
4284_02,0.452805378
4285_01,0.459145548
4286_01,0.497393067
4286_02,0.459145548
4286_03,0.982001666
4287_01,0.421730989
4288_01,0.884631686
4288_02,0.476111921
4290_01,0.440172868
4298_01,0.447714792
4298_02,0.890580049
4298_03,0.875035759
4299_01,0.467619374
4304_01,0.476111921
4307_01,0.868033995
4308_01,0.885498351
4310_01,0.461261984
4313_01,0.458269912
4314_01,0.461261984
4321_01,0.86997367
4322_01,0.886359342
4323_01,0.875647611
4323_02,0.452805378
4323_03,0.433884513
4323_04,0.865078524
4325_01,0.413087336
4326_01,0.465498973
4328_01,0.886359342
4331_01,0.881997401
4341_01,0.469740946
4341_02,0.505912496
4342_01,0.467984488
4353_01,0.476111921
4355_01,0.881107795
4363_01,0.45491717
4374_01,0.467619374
4375_01,0.865078524
4377_01,0.874716934
4377_02,0.981389343
4377_03,0.899383816
4378_01,0.404850228
4378_02,0.464621629
4379_01,0.883759322
4380_01,0.465498973
4381_01,0.438074513
4381_02,0.459145548
4384_01,0.384499518
4385_01,0.45491717
4385_02,0.878404106
4385_03,0.514428494
4389_01,0.463379817
4394_01,0.411023301
4398_01,0.469740946
4406_01,0.452805378
4412_01,0.4849846
4414_01,0.871889044
4417_01,0.882881235
4418_01,0.413087336
4419_01,0.457030585
4419_02,0.411023301
4420_01,0.984520969
4420_02,0.461261984
4421_01,0.453527115
4423_01,0.362573859
4425_01,0.880212393
4425_02,0.465498973
4434_01,0.459145548
4435_01,0.980432361
4435_02,0.453527115
4439_01,0.849454805
4439_02,0.39666636
4442_01,0.456155581
4443_01,0.463379817
4443_02,0.465498973
4454_01,0.846156986
4455_01,0.453527115
4455_02,0.484618305
4455_03,0.852694238
4458_01,0.890722877
4460_01,0.879466718
4468_01,0.861051197
4471_01,0.48036369
4478_01,0.433884513
4480_01,0.429703944
4481_01,0.42137338
4484_01,0.461261984
4488_01,0.471863612
4489_01,0.473987296
4495_01,0.41515443
4499_01,0.881997401
4503_01,0.48249068
4504_01,0.459145548
4507_01,0.414298425
4513_01,0.473987296
4519_01,0.453527115
4520_01,0.476111921
4523_01,0.899383816
4523_02,0.86997367
4523_03,0.4722291
4523_04,0.497393067
4523_05,0.899383816
4523_06,0.501652902
4525_01,0.457030585
4526_01,0.446480483
4527_01,0.382485237
4528_01,0.438074513
4536_01,0.444375927
4540_01,0.875647611
4541_01,0.423452022
4545_01,0.465498973
4548_01,0.881107795
4551_01,0.39666636
4551_02,0.461261984
4551_03,0.875647611
4551_04,0.86002874
4554_01,0.471863612
4556_01,0.478237411
4566_01,0.476111921
4578_01,0.48249068
4579_01,0.880212393
4582_01,0.457030585
4582_02,0.49313361
4582_03,0.49313361
4582_04,0.899383816
4582_05,0.886359342
4582_06,0.413087336
4582_07,0.51053771
4583_01,0.853761161
4583_02,0.89546284
4583_03,0.408962393
4584_01,0.440172868
4588_01,0.465498973
4589_01,0.45491717
4590_01,0.471863612
4598_01,0.41515443
4599_01,0.877491173
4600_01,0.885498351
4600_02,0.861051197
4601_01,0.435978371
4614_01,0.461261984
4614_02,0.459145548
4616_01,0.465498973
4618_01,0.42259127
4619_01,0.465498973
4626_01,0.877491173
4626_02,0.457030585
4627_01,0.476111921
4629_01,0.382485237
4636_01,0.897831345
4639_01,0.514428494
4639_02,0.514428494
4639_03,0.435978371
4639_04,0.476111921
4639_05,0.870934384
4639_06,0.44858696
4647_01,0.86997367
4660_01,0.476111921
4666_01,0.471863612
4669_01,0.867054987
4670_01,0.450695283
4671_01,0.499522975
4671_02,0.446480483
4671_03,0.372475473
4671_04,0.514428494
4674_01,0.465498973
4675_01,0.433884513
4675_02,0.459145548
4681_01,0.452805378
4682_01,0.981233097
4683_01,0.866069838
4683_02,0.461261984
4685_01,0.884631686
4687_01,0.465498973
4688_01,0.459145548
4692_01,0.419297521
4697_01,0.878404106
4698_01,0.886359342
4700_01,0.878404106
4701_01,0.491004217
4701_02,0.881107795
4701_03,0.866069838
4701_04,0.878404106
4702_01,0.885498351
4702_02,0.471863612
4703_01,0.879311171
4703_02,0.867054987
4705_01,0.446480483
4705_02,0.446480483
4707_01,0.471863612
4707_02,0.408962393
4715_01,0.444375927
4716_01,0.41515443
4718_01,0.854821673
4722_01,0.471863612
4724_01,0.877491173
4727_01,0.463379817
4727_02,0.491004217
4729_01,0.41515443
4731_01,0.881107795
4734_01,0.440172868
4735_01,0.461261984
4736_01,0.870934384
4737_01,0.471863612
4740_01,0.886359342
4742_01,0.452805378
4745_01,0.886359342
4747_01,0.861051197
4747_02,0.444375927
4749_01,0.48036369
4751_01,0.467619374
4760_01,0.476111921
4761_01,0.868033995
4761_02,0.885498351
4761_03,0.442273364
4765_01,0.898610217
4766_01,0.879311171
4767_01,0.984520969
4768_01,0.39666636
4768_02,0.877491173
4771_01,0.440172868
4776_01,0.508042011
4776_02,0.984800476
4776_03,0.883759322
4776_04,0.514428494
4779_01,0.450695283
4781_01,0.408962393
4789_01,0.887214684
4799_01,0.473987296
4799_02,0.453527115
4799_03,0.440172868
4800_01,0.419297521
4802_01,0.899383816
4802_02,0.360607145
4805_01,0.879311171
4806_01,0.431793014
4809_01,0.476111921
4811_01,0.865078524
4812_01,0.870934384
4816_01,0.469740946
4820_01,0.440172868
4820_02,0.37646681
4821_01,0.484618305
4824_01,0.471863612
4825_01,0.884631686
4826_01,0.438074513
4833_01,0.462503012
4833_02,0.40690468
4834_01,0.884631686
4835_01,0.417224515
4839_01,0.374469007
4843_01,0.463379817
4843_02,0.440172868
4844_01,0.495629856
4849_01,0.881107795
4852_01,0.882881235
4854_01,0.884781274
4855_01,0.880212393
4855_02,0.881997401
4858_01,0.438074513
4859_01,0.883759322
4860_01,0.467619374
4861_01,0.392595706
4865_01,0.484618305
4867_01,0.487112871
4869_01,0.429703944
4872_01,0.463379817
4877_01,0.459145548
4894_01,0.886359342
4905_01,0.875035759
4906_01,0.469740946
4907_01,0.885498351
4908_01,0.465498973
4914_01,0.467619374
4919_01,0.471863612
4921_01,0.433884513
4922_01,0.435978371
4926_01,0.44858696
4928_01,0.457030585
4931_01,0.44858696
4935_01,0.469740946
4935_02,0.868033995
4935_03,0.471863612
4936_01,0.438074513
4947_01,0.429703944
4948_01,0.461261984
4949_01,0.874329953
4949_02,0.461261984
4953_01,0.854821673
4955_01,0.45491717
4957_01,0.845044654
4959_01,0.875035759
4960_01,0.478603362
4962_01,0.978190527
4966_01,0.45491717
4966_02,0.879311171
4967_01,0.429703944
4968_01,0.875035759
4969_01,0.48249068
4969_02,0.452805378
4971_01,0.884631686
4976_01,0.45491717
4982_01,0.879311171
4984_01,0.476111921
4984_02,0.984390596
4985_01,0.878404106
4986_01,0.48036369
4988_01,0.854821673
4993_01,0.45491717
4994_01,0.467619374
5001_01,0.491004217
5002_01,0.877491173
5011_01,0.885498351
5022_01,0.459145548
5024_01,0.514428494
5024_02,0.453527115
5024_03,0.505912496
5024_04,0.473987296
5024_05,0.89546284
5026_01,0.440172868
5029_01,0.878404106
5029_02,0.877491173
5030_01,0.442273364
5031_01,0.469740946
5031_02,0.459145548
5033_01,0.446480483
5033_02,0.440534285
5037_01,0.486746487
5038_01,0.452805378
5038_02,0.890580049
5041_01,0.461261984
5043_01,0.872837674
5043_02,0.852694238
5043_03,0.471863612
5045_01,0.871889044
5046_01,0.881107795
5047_01,0.866069838
5049_01,0.459145548
5053_01,0.981787514
5054_01,0.394629206
5055_01,0.866069838
5056_01,0.465498973
5056_02,0.446480483
5066_01,0.48249068
5071_01,0.427617374
5075_01,0.4849846
5077_01,0.459145548
5078_01,0.453527115
5079_01,0.882881235
5081_01,0.473987296
5082_01,0.450695283
5086_01,0.845044654
5086_02,0.478237411
5092_01,0.453527115
5094_01,0.883759322
5094_02,0.471863612
5096_01,0.400751374
5096_02,0.469740946
5098_01,0.42137338
5098_02,0.890580049
5098_03,0.897831345
5099_01,0.471863612
5100_01,0.853761161
5101_01,0.457030585
5102_01,0.45491717
5107_01,0.444375927
5110_01,0.880212393
5113_01,0.467619374
5114_01,0.86002874
5117_01,0.430063368
5118_01,0.471863612
5119_01,0.459145548
5121_01,0.984778508
5123_01,0.469740946
5131_01,0.459145548
5131_02,0.848362044
5134_01,0.463379817
5135_01,0.457030585
5139_01,0.476111921
5141_01,0.882881235
5143_01,0.44858696
5147_01,0.435978371
5149_01,0.441403645
5149_02,0.846156986
5150_01,0.865078524
5153_01,0.882881235
5155_01,0.476111921
5159_01,0.458269912
5159_02,0.44858696
5164_01,0.876572349
5164_02,0.861051197
5168_01,0.453527115
5169_01,0.446480483
5172_01,0.473987296
5178_01,0.408962393
5183_01,0.473987296
5189_01,0.42137338
5191_01,0.411023301
5195_01,0.450695283
5200_01,0.427617374
5203_01,0.442273364
5203_02,0.873780296
5212_01,0.467619374
5215_01,0.452805378
5219_01,0.871889044
5219_02,0.429703944
5222_01,0.853761161
5228_01,0.44858696
5228_02,0.898610217
5231_01,0.450695283
5232_01,0.458993053
5232_02,0.427617374
5233_01,0.442273364
5237_01,0.8880644
5241_01,0.486746487
5241_02,0.886359342
5245_01,0.461261984
5259_01,0.478237411
5261_01,0.427617374
5263_01,0.45491717
5267_01,0.508042011
5267_02,0.884631686
5267_03,0.471863612
5270_01,0.871889044
5283_01,0.390565925
5284_01,0.851620884
5285_01,0.856923538
5286_01,0.39666636
5289_01,0.463379817
5293_01,0.486746487
5293_02,0.48249068
5294_01,0.429703944
5295_01,0.450695283
5296_01,0.461261984
5302_01,0.49313361
5306_01,0.45491717
5306_02,0.438074513
5308_01,0.48887515
5308_02,0.877491173
5308_03,0.444375927
5309_01,0.862067382
5311_01,0.872837674
5317_01,0.471863612
5317_02,0.879311171
5318_01,0.867054987
5318_02,0.473987296
5319_01,0.486746487
5321_01,0.465498973
5324_01,0.981075563
5328_01,0.868033995
5329_01,0.350844636
5329_02,0.898610217
5329_03,0.48887515
5329_04,0.497393067
5329_05,0.419297521
5329_06,0.49313361
5329_07,0.508042011
5332_01,0.435978371
5335_01,0.861051197
5335_02,0.866069838
5335_03,0.444375927
5335_04,0.461261984
5336_01,0.425533377
5338_01,0.982447888
5339_01,0.440172868
5339_02,0.450695283
5339_03,0.870934384
5342_01,0.450695283
5349_01,0.880212393
5352_01,0.888908517
5357_01,0.871889044
5357_02,0.885498351
5357_03,0.441403645
5357_04,0.411023301
5358_01,0.402799104
5364_01,0.876572349
5369_01,0.459145548
5369_02,0.408962393
5369_03,0.885498351
5370_01,0.467619374
5371_01,0.893045969
5371_02,0.425533377
5371_03,0.873780296
5371_04,0.505912496
5373_01,0.457030585
5376_01,0.887214684
5376_02,0.866069838
5377_01,0.852694238
5381_01,0.459145548
5382_01,0.86997367
5382_02,0.858999992
5386_01,0.884631686
5391_01,0.469740946
5393_01,0.465498973
5398_01,0.879311171
5399_01,0.471863612
5400_01,0.871889044
5403_01,0.467619374
5405_01,0.486746487
5407_01,0.981389343
5409_01,0.473987296
5417_01,0.463379817
5419_01,0.419297521
5426_01,0.440172868
5428_01,0.48036369
5428_02,0.886359342
5429_01,0.423452022
5432_01,0.44858696
5433_01,0.453527115
5439_01,0.467619374
5442_01,0.413087336
5444_01,0.471863612
5448_01,0.440172868
5449_01,0.465498973
5456_01,0.45491717
5460_01,0.473987296
5461_01,0.419297521
5464_01,0.48036369
5473_01,0.508042011
5473_02,0.388539924
5481_01,0.873390841
5482_01,0.461261984
5482_02,0.435978371
5486_01,0.40690468
5493_01,0.874716934
5495_01,0.865078524
5498_01,0.874716934
5498_02,0.876572349
5502_01,0.433884513
5503_01,0.486746487
5505_01,0.444375927
5505_02,0.980916733
5505_03,0.514428494
5513_01,0.884631686
5513_02,0.899383816
5513_03,0.433884513
5513_04,0.986914305
5516_01,0.469740946
5518_01,0.39666636
5519_01,0.982001666
5525_01,0.440172868
5532_01,0.442273364
5533_01,0.48249068
5534_01,0.467619374
5542_01,0.45491717
5547_01,0.884631686
5548_01,0.41515443
5549_01,0.880212393
5553_01,0.86002874
5553_02,0.476111921
5554_01,0.881997401
5558_01,0.378468822
5562_01,0.884631686
5562_02,0.876572349
5564_01,0.48036369
5565_01,0.478237411
5567_01,0.473987296
5570_01,0.870934384
5576_01,0.471863612
5577_01,0.895600042
5577_02,0.501652902
5577_03,0.899383816
5577_04,0.899383816
5577_05,0.896257682
5579_01,0.875035759
5584_01,0.876572349
5584_02,0.400751374
5588_01,0.463379817
5588_02,0.856923538
5588_03,0.886359342
5588_04,0.390565925
5588_05,0.872837674
5590_01,0.875647611
5593_01,0.465498973
5597_01,0.473987296
5600_01,0.884631686
5604_01,0.45491717
5605_01,0.486746487
5607_01,0.870934384
5612_01,0.875647611
5617_01,0.478237411
5620_01,0.443505361
5620_02,0.458269912
5621_01,0.476111921
5624_01,0.867054987
5630_01,0.438074513
5632_01,0.86002874
5633_01,0.469740946
5634_01,0.471863612
5635_01,0.419297521
5636_01,0.45491717
5638_01,0.882881235
5641_01,0.884631686
5649_01,0.875035759
5654_01,0.473987296
5656_01,0.457030585
5657_01,0.459145548
5658_01,0.452805378
5660_01,0.476111921
5664_01,0.48887515
5664_02,0.514428494
5664_03,0.986692414
5664_04,0.491370737
5665_01,0.478237411
5666_01,0.471863612
5668_01,0.873780296
5669_01,0.882881235
5670_01,0.872837674
5672_01,0.888908517
5675_01,0.465498973
5676_01,0.473987296
5678_01,0.884631686
5678_02,0.853761161
5682_01,0.423452022
5683_01,0.404850228
5690_01,0.463379817
5691_01,0.857964931
5694_01,0.878404106
5697_01,0.979598171
5699_01,0.478237411
5703_01,0.452805378
5708_01,0.877491173
5715_01,0.451058378
5715_02,0.40690468
5720_01,0.471863612
5720_02,0.473987296
5731_01,0.390565925
5731_02,0.465498973
5734_01,0.881107795
5734_02,0.469740946
5741_01,0.461261984
5743_01,0.465498973
5745_01,0.887214684
5749_01,0.471863612
5752_01,0.467619374
5753_01,0.471863612
5754_01,0.440172868
5759_01,0.863077318
5760_01,0.476111921
5762_01,0.429703944
5766_01,0.878404106
5770_01,0.44858696
5774_01,0.41515443
5775_01,0.874716934
5782_01,0.453527115
5782_02,0.476111921
5782_03,0.473987296
5782_04,0.853761161
5784_01,0.459145548
5787_01,0.452805378
5787_02,0.8880644
5787_03,0.484618305
5789_01,0.514428494
5789_02,0.86997367
5797_01,0.880212393
5798_01,0.463379817
5801_01,0.431793014
5803_01,0.881107795
5805_01,0.465498973
5807_01,0.459145548
5815_01,0.45491717
5815_02,0.425533377
5815_03,0.435978371
5815_04,0.980916733
5830_01,0.469740946
5832_01,0.425533377
5833_01,0.471863612
5838_01,0.386517768
5841_01,0.514428494
5841_02,0.897047175
5841_03,0.884631686
5845_01,0.86002874
5850_01,0.853761161
5851_01,0.476111921
5851_02,0.514428494
5853_01,0.392595706
5862_01,0.408962393
5864_01,0.423452022
5865_01,0.469740946
5866_01,0.450695283
5870_01,0.882881235
5872_01,0.463379817
5873_01,0.463379817
5873_02,0.867054987
5873_03,0.469740946
5881_01,0.855875792
5883_01,0.870934384
5884_01,0.469740946
5892_01,0.469740946
5893_01,0.486746487
5893_02,0.503782768
5895_01,0.463379817
5896_01,0.435978371
5899_01,0.465498973
5904_01,0.869006881
5904_02,0.463379817
5910_01,0.471863612
5911_01,0.514428494
5911_02,0.380474984
5911_03,0.44858696
5911_04,0.501652902
5911_05,0.508042011
5911_06,0.891407514
5914_01,0.883759322
5917_01,0.883759322
5918_01,0.857964931
5926_01,0.878404106
5929_01,0.457030585
5932_01,0.465498973
5935_01,0.471863612
5936_01,0.879311171
5936_02,0.853761161
5936_03,0.42137338
5936_04,0.45491717
5936_05,0.466741524
5937_01,0.8880644
5940_01,0.469740946
5942_01,0.886359342
5942_02,0.878404106
5943_01,0.427617374
5948_01,0.471863612
5958_01,0.463379817
5961_01,0.872837674
5961_02,0.880212393
5962_01,0.400751374
5964_01,0.877491173
5964_02,0.857534633
5966_01,0.514428494
5966_02,0.885498351
5978_01,0.467619374
5978_02,0.491004217
5979_01,0.875647611
5982_01,0.478237411
5996_01,0.856923538
5997_01,0.452805378
5997_02,0.857964931
6002_01,0.835908458
6005_01,0.514428494
6005_02,0.503782768
6005_03,0.512300087
6005_04,0.425533377
6005_05,0.89546284
6009_01,0.453527115
6009_02,0.427617374
6012_01,0.450695283
6013_01,0.877491173
6018_01,0.48036369
6021_01,0.881107795
6023_01,0.471863612
6037_01,0.86002874
6044_01,0.438074513
6044_02,0.501652902
6046_01,0.486746487
6050_01,0.881107795
6051_01,0.370486266
6051_02,0.981698018
6053_01,0.417224515
6056_01,0.442273364
6057_01,0.431793014
6060_01,0.435978371
6063_01,0.888908517
6072_01,0.471863612
6074_01,0.45491717
6074_02,0.849454805
6074_03,0.495263253
6078_01,0.978190527
6079_01,0.884631686
6081_01,0.875035759
6081_02,0.463379817
6081_03,0.879311171
6081_04,0.514428494
6083_01,0.450695283
6084_01,0.453527115
6088_01,0.459145548
6089_01,0.877491173
6093_01,0.897047175
6097_01,0.450695283
6100_01,0.40690468
6104_01,0.868033995
6113_01,0.476111921
6114_01,0.457030585
6119_01,0.868033995
6119_02,0.431793014
6119_03,0.885498351
6125_01,0.463379817
6129_01,0.484618305
6131_01,0.461261984
6134_01,0.440172868
6140_01,0.478237411
6142_01,0.419297521
6142_02,0.869006881
6144_01,0.883759322
6147_01,0.453527115
6151_01,0.444375927
6151_02,0.881107795
6154_01,0.871889044
6159_01,0.461261984
6160_01,0.459145548
6160_02,0.881997401
6161_01,0.854821673
6164_01,0.459145548
6165_01,0.471863612
6177_01,0.45491717
6183_01,0.440172868
6185_01,0.37646681
6187_01,0.856923538
6188_01,0.878404106
6190_01,0.465498973
6193_01,0.883759322
6193_02,0.497393067
6193_03,0.425533377
6193_04,0.444375927
6195_01,0.452805378
6196_01,0.845236591
6197_01,0.879311171
6198_01,0.384499518
6202_01,0.453527115
6203_01,0.404850228
6204_01,0.465498973
6209_01,0.425891917
6209_02,0.853761161
6210_01,0.871889044
6212_01,0.870934384
6214_01,0.459145548
6217_01,0.882881235
6217_02,0.45491717
6221_01,0.866069838
6226_01,0.425533377
6231_01,0.899383816
6231_02,0.880212393
6231_03,0.431793014
6233_01,0.461261984
6233_02,0.478237411
6233_03,0.887214684
6235_01,0.872837674
6240_01,0.854821673
6242_01,0.863077318
6244_01,0.435978371
6244_02,0.876572349
6247_01,0.486746487
6255_01,0.862067382
6257_01,0.881997401
6257_02,0.452805378
6257_03,0.899383816
6258_01,0.473987296
6259_01,0.438074513
6260_01,0.44858696
6260_02,0.48036369
6261_01,0.862067382
6261_02,0.886359342
6267_01,0.465498973
6267_02,0.425533377
6267_03,0.86997367
6267_04,0.866069838
6267_05,0.881997401
6267_06,0.878404106
6269_01,0.450695283
6269_02,0.429703944
6269_03,0.872837674
6272_01,0.471863612
6272_02,0.867054987
6275_01,0.459145548
6278_01,0.881107795
6278_02,0.881997401
6284_01,0.870934384
6286_01,0.429703944
6286_02,0.491004217
6287_01,0.457030585
6287_02,0.467619374
6288_01,0.864081025
6288_02,0.391755058
6288_03,0.875647611
6288_04,0.983992959
6291_01,0.423452022
6294_01,0.881107795
6295_01,0.8880644
6295_02,0.39666636
6298_01,0.869006881
6303_01,0.384499518
6306_01,0.86002874
6307_01,0.446480483
6310_01,0.459145548
6311_01,0.467619374
6312_01,0.39666636
6312_02,0.452805378
6314_01,0.469740946
6329_01,0.442273364
6332_01,0.869006881
6332_02,0.476111921
6332_03,0.880212393
6332_04,0.476111921
6332_05,0.983992959
6332_06,0.883759322
6332_07,0.978008027
6332_08,0.404850228
6333_01,0.435978371
6336_01,0.469740946
6337_01,0.855875792
6342_01,0.423452022
6342_02,0.476111921
6345_01,0.870934384
6345_02,0.870934384
6350_01,0.452805378
6352_01,0.835908458
6352_02,0.427617374
6358_01,0.478237411
6358_02,0.497393067
6359_01,0.471863612
6362_01,0.461261984
6364_01,0.856923538
6375_01,0.429703944
6377_01,0.877491173
6379_01,0.473987296
6382_01,0.440172868
6383_01,0.899383816
6383_02,0.48887515
6383_03,0.435978371
6384_01,0.433884513
6386_01,0.442273364
6387_01,0.450695283
6389_01,0.467619374
6391_01,0.880212393
6391_02,0.843925763
6392_01,0.883759322
6393_01,0.886359342
6395_01,0.467619374
6401_01,0.450695283
6401_02,0.459145548
6403_01,0.476111921
6410_01,0.452805378
6410_02,0.446480483
6417_01,0.870934384
6420_01,0.984520969
6423_01,0.398707105
6425_01,0.427617374
6425_02,0.881107795
6426_01,0.386517768
6427_01,0.882881235
6429_01,0.394629206
6435_01,0.478237411
6438_01,0.388539924
6440_01,0.882881235
6441_01,0.471863612
6445_01,0.429703944
6460_01,0.45491717
6465_01,0.984905691
6466_01,0.476111921
6467_01,0.417224515
6469_01,0.874716934
6474_01,0.461261984
6476_01,0.390565925
6479_01,0.885498351
6479_02,0.977451522
6483_01,0.871889044
6484_01,0.440172868
6486_01,0.884631686
6491_01,0.465498973
6491_02,0.457030585
6491_03,0.899383816
6495_01,0.459145548
6496_01,0.866069838
6496_02,0.440172868
6497_01,0.446480483
6498_01,0.495263253
6499_01,0.491004217
6499_02,0.486746487
6499_03,0.510171233
6499_04,0.48887515
6499_05,0.457030585
6499_06,0.8880644
6499_07,0.867054987
6499_08,0.894662624
6504_01,0.868033995
6504_02,0.457030585
6505_01,0.471863612
6506_01,0.463379817
6506_02,0.469740946
6507_01,0.853761161
6515_01,0.476111921
6516_01,0.86997367
6516_02,0.881107795
6518_01,0.839384266
6519_01,0.437206578
6521_01,0.459145548
6524_01,0.457030585
6527_01,0.885498351
6528_01,0.865078524
6532_01,0.459145548
6533_01,0.873780296
6533_02,0.459145548
6534_01,0.442273364
6536_01,0.463379817
6537_01,0.469740946
6538_01,0.461261984
6542_01,0.380474984
6543_01,0.429703944
6550_01,0.453527115
6551_01,0.465498973
6554_01,0.857964931
6555_01,0.467619374
6559_01,0.514428494
6559_02,0.497393067
6559_03,0.440172868
6564_01,0.467619374
6564_02,0.874716934
6566_01,0.461261984
6571_01,0.463379817
6575_01,0.877491173
6576_01,0.882881235
6577_01,0.429703944
6577_02,0.45491717
6577_03,0.881107795
6579_01,0.880212393
6581_01,0.459145548
6584_01,0.473987296
6586_01,0.440172868
6587_01,0.863077318
6589_01,0.867054987
6596_01,0.42137338
6596_02,0.9825942
6597_01,0.431793014
6600_01,0.457030585
6600_02,0.982883239
6605_01,0.888908517
6605_02,0.49313361
6607_01,0.45491717
6610_01,0.878404106
6612_01,0.453527115
6612_02,0.457030585
6612_03,0.452805378
6612_04,0.501652902
6612_05,0.510171233
6612_06,0.894662624
6615_01,0.879311171
6617_01,0.872837674
6617_02,0.869006881
6617_03,0.888908517
6619_01,0.380474984
6627_01,0.476111921
6629_01,0.446480483
6632_01,0.469740946
6636_01,0.888908517
6640_01,0.861051197
6644_01,0.431793014
6648_01,0.877491173
6651_01,0.469740946
6653_01,0.476111921
6657_01,0.876572349
6658_01,0.453527115
6658_02,0.983585361
6658_03,0.452805378
6661_01,0.471863612
6666_01,0.459145548
6677_01,0.875035759
6678_01,0.442273364
6678_02,0.887214684
6679_01,0.463379817
6682_01,0.877491173
6682_02,0.484618305
6685_01,0.463379817
6686_01,0.44858696
6687_01,0.469740946
6688_01,0.875647611
6689_01,0.473987296
6689_02,0.408962393
6690_01,0.887214684
6695_01,0.442273364
6696_01,0.440172868
6700_01,0.86997367
6700_02,0.438074513
6701_01,0.876572349
6703_01,0.450695283
6704_01,0.442273364
6705_01,0.419297521
6710_01,0.881997401
6712_01,0.39666636
6714_01,0.469740946
6715_01,0.45491717
6716_01,0.433884513
6717_01,0.86997367
6723_01,0.444375927
6728_01,0.86997367
6732_01,0.473987296
6733_01,0.473987296
6735_01,0.478237411
6737_01,0.482856874
6738_01,0.467619374
6738_02,0.869006881
6740_01,0.408962393
6743_01,0.883759322
6752_01,0.465498973
6752_02,0.433884513
6752_03,0.471863612
6755_01,0.44858696
6759_01,0.875647611
6767_01,0.438074513
6767_02,0.457030585
6768_01,0.37646681
6769_01,0.8880644
6770_01,0.874716934
6770_02,0.86997367
6770_03,0.888908517
6771_01,0.41515443
6772_01,0.877491173
6772_02,0.408962393
6777_01,0.866069838
6781_01,0.843925763
6783_01,0.861051197
6785_01,0.873780296
6790_01,0.444375927
6791_01,0.444375927
6793_01,0.425533377
6793_02,0.885498351
6795_01,0.985105269
6797_01,0.442273364
6803_01,0.417224515
6804_01,0.440172868
6807_01,0.429703944
6807_02,0.877491173
6809_01,0.423452022
6811_01,0.863077318
6812_01,0.44858696
6812_02,0.465498973
6815_01,0.461261984
6819_01,0.435978371
6819_02,0.8880644
6819_03,0.897047175
6823_01,0.884631686
6828_01,0.869006881
6830_01,0.883759322
6835_01,0.865078524
6835_02,0.413087336
6836_01,0.457030585
6838_01,0.897047175
6838_02,0.45491717
6838_03,0.442273364
6842_01,0.44858696
6845_01,0.842800295
6846_01,0.419297521
6847_01,0.413087336
6849_01,0.469740946
6852_01,0.463379817
6852_02,0.48036369
6855_01,0.473987296
6856_01,0.459145548
6860_01,0.467619374
6867_01,0.982739314
6870_01,0.426754423
6872_01,0.876572349
6874_01,0.880212393
6875_01,0.423452022
6875_02,0.484618305
6875_03,0.427617374
6876_01,0.471863612
6876_02,0.514428494
6876_03,0.897831345
6877_01,0.467619374
6878_01,0.874716934
6881_01,0.440172868
6884_01,0.882881235
6886_01,0.886359342
6888_01,0.433884513
6888_02,0.873941949
6888_03,0.984650271
6888_04,0.466741524
6890_01,0.446480483
6897_01,0.463379817
6904_01,0.882881235
6904_02,0.876572349
6904_03,0.476111921
6909_01,0.872837674
6914_01,0.856923538
6916_01,0.845044654
6919_01,0.867054987
6922_01,0.869006881
6923_01,0.866069838
6927_01,0.457394534
6933_01,0.869006881
6933_02,0.983585361
6935_01,0.397017388
6936_01,0.364545184
6936_02,0.450695283
6936_03,0.8880644
6938_01,0.875647611
6941_01,0.882881235
6942_01,0.863077318
6948_01,0.874716934
6952_01,0.871889044
6953_01,0.444375927
6955_01,0.457030585
6956_01,0.984390596
6958_01,0.469740946
6959_01,0.476111921
6959_02,0.897047175
6959_03,0.899383816
6961_01,0.427617374
6961_02,0.394629206
6965_01,0.853761161
6969_01,0.400751374
6974_01,0.411023301
6975_01,0.473987296
6983_01,0.852694238
6983_02,0.453527115
6986_01,0.89546284
6986_02,0.486746487
6986_03,0.899383816
6986_04,0.497393067
6986_05,0.876572349
6986_06,0.486746487
6986_07,0.41515443
6986_08,0.894662624
6989_01,0.843925763
6993_01,0.984520969
7000_01,0.869006881
7003_01,0.467619374
7009_01,0.48036369
7009_02,0.476111921
7012_01,0.877491173
7023_01,0.473987296
7024_01,0.880212393
7030_01,0.469740946
7033_01,0.446480483
7035_01,0.878404106
7043_01,0.853761161
7046_01,0.467984488
7046_02,0.42137338
7046_03,0.41515443
7054_01,0.392595706
7054_02,0.876572349
7055_01,0.851620884
7063_01,0.469740946
7063_02,0.461261984
7064_01,0.44858696
7065_01,0.875647611
7066_01,0.425533377
7066_02,0.854821673
7067_01,0.519049774
7067_02,0.89546284
7067_03,0.453527115
7070_01,0.394629206
7075_01,0.452805378
7076_01,0.874716934
7081_01,0.469740946
7081_02,0.878404106
7100_01,0.459145548
7100_02,0.449822359
7101_01,0.423452022
7101_02,0.459145548
7102_01,0.888908517
7103_01,0.450695283
7103_02,0.893045969
7107_01,0.875035759
7108_01,0.465498973
7112_01,0.467619374
7115_01,0.868033995
7122_01,0.440172868
7123_01,0.459145548
7124_01,0.887214684
7124_02,0.884631686
7124_03,0.427617374
7125_01,0.863077318
7129_01,0.467619374
7130_01,0.875035759
7130_02,0.899383816
7130_03,0.48036369
7130_04,0.457030585
7130_05,0.985404041
7130_06,0.512300087
7130_07,0.446480483
7131_01,0.440172868
7135_01,0.864081025
7135_02,0.478237411
7135_03,0.411023301
7135_04,0.881997401
7136_01,0.892229479
7138_01,0.457030585
7139_01,0.390565925
7141_01,0.461261984
7145_01,0.469740946
7146_01,0.48249068
7147_01,0.880366936
7150_01,0.425533377
7150_02,0.881107795
7153_01,0.469740946
7154_01,0.413087336
7158_01,0.463379817
7163_01,0.856923538
7163_02,0.888908517
7163_03,0.446480483
7164_01,0.452805378
7169_01,0.869006881
7172_01,0.463379817
7172_02,0.404850228
7174_01,0.469740946
7178_01,0.868033995
7183_01,0.8882101
7185_01,0.865078524
7195_01,0.843925763
7196_01,0.858999992
7198_01,0.878404106
7201_01,0.380474984
7204_01,0.463379817
7209_01,0.438074513
7209_02,0.459145548
7211_01,0.44858696
7212_01,0.476111921
7213_01,0.881997401
7220_01,0.442273364
7222_01,0.446480483
7223_01,0.883759322
7228_01,0.884631686
7231_01,0.431793014
7237_01,0.983355713
7239_01,0.883759322
7241_01,0.886359342
7241_02,0.463379817
7243_01,0.897831345
7243_02,0.891407514
7243_03,0.897831345
7243_04,0.469740946
7243_05,0.89546284
7244_01,0.874716934
7245_01,0.427617374
7248_01,0.446480483
7248_02,0.880212393
7251_01,0.880212393
7254_01,0.429703944
7262_01,0.419297521
7263_01,0.450695283
7264_01,0.39666636
7265_01,0.486746487
7266_01,0.473987296
7266_02,0.857964931
7266_03,0.514428494
7269_01,0.388539924
7269_02,0.865078524
7272_01,0.882881235
7275_01,0.380474984
7281_01,0.442273364
7282_01,0.873780296
7286_01,0.384499518
7287_01,0.874716934
7288_01,0.982739314
7291_01,0.872837674
7293_01,0.40690468
7294_01,0.465498973
7295_01,0.476111921
7295_02,0.41515443
7299_01,0.392595706
7308_01,0.857964931
7312_01,0.42137338
7315_01,0.883759322
7316_01,0.423452022
7317_01,0.469740946
7318_01,0.452805378
7319_01,0.486746487
7319_02,0.48036369
7319_03,0.461261984
7325_01,0.473987296
7329_01,0.452805378
7329_02,0.445609101
7329_03,0.39666636
7333_01,0.471863612
7335_01,0.871099144
7345_01,0.476111921
7348_01,0.459145548
7348_02,0.899383816
7348_03,0.510171233
7349_01,0.438074513
7352_01,0.461261984
7354_01,0.897831345
7354_02,0.514428494
7354_03,0.884631686
7354_04,0.388539924
7354_05,0.877491173
7354_06,0.438074513
7355_01,0.467619374
7357_01,0.881997401
7362_01,0.435978371
7363_01,0.837073729
7364_01,0.42137338
7368_01,0.872837674
7369_01,0.44858696
7373_01,0.881997401
7373_02,0.856923538
7375_01,0.473987296
7378_01,0.444375927
7380_01,0.461261984
7380_02,0.886359342
7380_03,0.42137338
7380_04,0.495263253
7381_01,0.887214684
7382_01,0.86997367
7383_01,0.879311171
7383_02,0.431793014
7384_01,0.457030585
7386_01,0.86997367
7389_01,0.879311171
7397_01,0.423452022
7400_01,0.427617374
7404_01,0.877491173
7407_01,0.457030585
7409_01,0.981850465
7409_02,0.442273364
7412_01,0.870934384
7413_01,0.886359342
7413_02,0.894662624
7414_01,0.486746487
7415_01,0.408962393
7417_01,0.463379817
7417_02,0.487112871
7420_01,0.983992959
7421_01,0.886359342
7421_02,0.467619374
7423_01,0.486746487
7423_02,0.874716934
7424_01,0.450695283
7426_01,0.878404106
7426_02,0.880212393
7426_03,0.875647611
7433_01,0.867054987
7434_01,0.469740946
7439_01,0.400751374
7439_02,0.881997401
7440_01,0.438074513
7441_01,0.881997401
7443_01,0.881997401
7451_01,0.465498973
7454_01,0.429703944
7463_01,0.476111921
7465_01,0.461261984
7466_01,0.463379817
7467_01,0.435978371
7468_01,0.461261984
7469_01,0.463379817
7470_01,0.897047175
7471_01,0.897831345
7471_02,0.467619374
7473_01,0.463379817
7473_02,0.478237411
7474_01,0.850541079
7476_01,0.465498973
7480_01,0.452805378
7482_01,0.881997401
7482_02,0.467619374
7489_01,0.510171233
7489_02,0.453527115
7489_03,0.471863612
7491_01,0.8880644
7493_01,0.459145548
7497_01,0.880212393
7511_01,0.469740946
7516_01,0.471863612
7519_01,0.473987296
7526_01,0.874716934
7528_01,0.845044654
7528_02,0.888908517
7528_03,0.446480483
7528_04,0.880212393
7530_01,0.866069838
7530_02,0.41515443
7530_03,0.982001666
7530_04,0.41515443
7532_01,0.882881235
7537_01,0.871889044
7539_01,0.862067382
7539_02,0.442273364
7540_01,0.388539924
7541_01,0.873780296
7541_02,0.890580049
7541_03,0.858999992
7546_01,0.867629495
7547_01,0.473987296
7548_01,0.476111921
7551_01,0.442273364
7554_01,0.875035759
7555_01,0.450695283
7556_01,0.855875792
7556_02,0.866069838
7556_03,0.444375927
7556_04,0.856923538
7557_01,0.463744504
7557_02,0.893045969
7557_03,0.856923538
7558_01,0.464621629
7558_02,0.888908517
7562_01,0.476111921
7564_01,0.457030585
7566_01,0.457030585
7570_01,0.450695283
7570_02,0.461261984
7571_01,0.459145548
7575_01,0.471863612
7581_01,0.404850228
7582_01,0.897047175
7582_02,0.501652902
7582_03,0.514428494
7582_04,0.467619374
7582_05,0.898610217
7587_01,0.42137338
7589_01,0.884631686
7590_01,0.471863612
7591_01,0.452805378
7591_02,0.45491717
7593_01,0.865078524
7597_01,0.890580049
7597_02,0.897831345
7597_03,0.48249068
7597_04,0.871889044
7597_05,0.985156926
7597_06,0.512300087
7597_07,0.471863612
7600_01,0.878404106
7600_02,0.45193173
7602_01,0.871889044
7603_01,0.476111921
7607_01,0.411023301
7610_01,0.510171233
7610_02,0.486746487
7611_01,0.45491717
7611_02,0.39666636
7612_01,0.457030585
7612_02,0.86997367
7613_01,0.875647611
7615_01,0.983025985
7617_01,0.463379817
7619_01,0.893045969
7629_01,0.471863612
7629_02,0.382485237
7629_03,0.514428494
7636_01,0.486746487
7637_01,0.512300087
7637_02,0.486746487
7637_03,0.510171233
7638_01,0.884631686
7642_01,0.873780296
7645_01,0.869006881
7648_01,0.45491717
7651_01,0.875647611
7653_01,0.413087336
7654_01,0.86997367
7655_01,0.48036369
7657_01,0.463379817
7658_01,0.402799104
7659_01,0.463379817
7662_01,0.871889044
7663_01,0.887214684
7664_01,0.463379817
7668_01,0.440172868
7672_01,0.425533377
7673_01,0.984778508
7674_01,0.48249068
7675_01,0.446842945
7681_01,0.869006881
7685_01,0.86997367
7686_01,0.881997401
7695_01,0.484618305
7701_01,0.48036369
7704_01,0.465498973
7706_01,0.402799104
7718_01,0.884631686
7722_01,0.48036369
7725_01,0.86997367
7726_01,0.888908517
7730_01,0.461261984
7732_01,0.423452022
7733_01,0.431793014
7734_01,0.473987296
7735_01,0.469740946
7737_01,0.882881235
7740_01,0.48036369
7740_02,0.495263253
7745_01,0.476111921
7750_01,0.465498973
7756_01,0.438074513
7758_01,0.450695283
7759_01,0.417224515
7762_01,0.467619374
7765_01,0.898610217
7765_02,0.881997401
7765_03,0.879311171
7766_01,0.40690468
7772_01,0.877491173
7779_01,0.440172868
7781_01,0.467619374
7792_01,0.87856066
7792_02,0.875647611
7792_03,0.870934384
7792_04,0.39666636
7792_05,0.871889044
7794_01,0.431793014
7795_01,0.4722291
7795_02,0.461261984
7796_01,0.442273364
7798_01,0.453527115
7798_02,0.476111921
7799_01,0.476111921
7804_01,0.465498973
7807_01,0.881997401
7811_01,0.856923538
7814_01,0.476111921
7817_01,0.423452022
7819_01,0.884631686
7822_01,0.461261984
7823_01,0.873780296
7825_01,0.469740946
7825_02,0.463379817
7825_03,0.471863612
7826_01,0.873780296
7827_01,0.845044654
7836_01,0.438074513
7838_01,0.876572349
7844_01,0.449822359
7846_01,0.398707105
7846_02,0.879311171
7854_01,0.984905691
7855_01,0.473987296
7857_01,0.878404106
7860_01,0.467619374
7862_01,0.886359342
7867_01,0.438074513
7869_01,0.429703944
7874_01,0.469740946
7874_02,0.463379817
7876_01,0.459145548
7880_01,0.87856066
7880_02,0.457030585
7887_01,0.879311171
7893_01,0.880212393
7893_02,0.848362044
7893_03,0.862241671
7893_04,0.872837674
7893_05,0.864081025
7896_01,0.473987296
7898_01,0.476111921
7900_01,0.413087336
7906_01,0.48249068
7909_01,0.41515443
7909_02,0.984390596
7911_01,0.884631686
7912_01,0.471863612
7915_01,0.882881235
7915_02,0.473987296
7915_03,0.881107795
7917_01,0.886359342
7921_01,0.459145548
7921_02,0.457030585
7923_01,0.478237411
7925_01,0.463379817
7927_01,0.848362044
7927_02,0.893857009
7927_03,0.453527115
7928_01,0.452805378
7931_01,0.44858696
7932_01,0.42137338
7933_01,0.459145548
7934_01,0.508042011
7934_02,0.881997401
7934_03,0.514428494
7938_01,0.429703944
7942_01,0.461261984
7942_02,0.510171233
7948_01,0.45491717
7951_01,0.8880644
7953_01,0.450695283
7956_01,0.480729769
7959_01,0.450695283
7961_01,0.431793014
7963_01,0.423452022
7963_02,0.467619374
7963_03,0.884631686
7964_01,0.869006881
7965_01,0.881997401
7966_01,0.465498973
7969_01,0.887214684
7971_01,0.867054987
7971_02,0.392595706
7975_01,0.875035759
7977_01,0.469740946
7978_01,0.514428494
7978_02,0.48249068
7979_01,0.433884513
7980_01,0.459145548
7991_01,0.41515443
7991_02,0.459145548
7991_03,0.847262777
7991_04,0.884631686
7992_01,0.469740946
7997_01,0.884631686
7998_01,0.42137338
7998_02,0.865078524
7998_03,0.849454805
7998_04,0.880212393
8001_01,0.459145548
8002_01,0.467619374
8008_01,0.461261984
8009_01,0.854821673
8011_01,0.857964931
8013_01,0.478237411
8017_01,0.465498973
8022_01,0.476111921
8028_01,0.465498973
8033_01,0.433884513
8039_01,0.446480483
8039_02,0.884631686
8040_01,0.879311171
8041_01,0.435978371
8041_02,0.863077318
8044_01,0.872837674
8045_01,0.45491717
8047_01,0.864081025
8048_01,0.413087336
8051_01,0.863077318
8051_02,0.868033995
8061_01,0.491004217
8061_02,0.473987296
8062_01,0.471863612
8065_01,0.452805378
8070_01,0.459145548
8073_01,0.879311171
8074_01,0.453527115
8080_01,0.45491717
8090_01,0.888908517
8093_01,0.453527115
8095_01,0.473987296
8096_01,0.871889044
8099_01,0.880212393
8100_01,0.476111921
8101_01,0.878404106
8104_01,0.473987296
8109_01,0.463379817
8110_01,0.452805378
8111_01,0.861051197
8113_01,0.897047175
8113_02,0.505912496
8113_03,0.510171233
8113_04,0.463379817
8114_01,0.457030585
8125_01,0.867054987
8125_02,0.42137338
8126_01,0.469740946
8127_01,0.457030585
8132_01,0.411023301
8134_01,0.457030585
8142_01,0.839384266
8145_01,0.45491717
8146_01,0.870934384
8151_01,0.469740946
8154_01,0.463379817
8155_01,0.459145548
8160_01,0.457030585
8163_01,0.881997401
8166_01,0.407258652
8169_01,0.44858696
8170_01,0.856923538
8172_01,0.879311171
8174_01,0.476111921
8179_01,0.862067382
8180_01,0.44858696
8181_01,0.467619374
8181_02,0.463379817
8181_03,0.882881235
8183_01,0.40690468
8184_01,0.473987296
8185_01,0.478237411
8187_01,0.465498973
8188_01,0.484618305
8193_01,0.884631686
8195_01,0.862067382
8196_01,0.431793014
8196_02,0.867054987
8198_01,0.876572349
8201_01,0.877491173
8206_01,0.411023301
8215_01,0.45193173
8223_01,0.86997367
8228_01,0.486746487
8230_01,0.469740946
8234_01,0.398707105
8236_01,0.841668234
8240_01,0.463379817
8241_01,0.878404106
8245_01,0.899383816
8245_02,0.866069838
8246_01,0.873780296
8249_01,0.48249068
8250_01,0.881997401
8253_01,0.39666636
8256_01,0.40690468
8258_01,0.459145548
8262_01,0.408962393
8263_01,0.467619374
8269_01,0.461261984
8274_01,0.435978371
8278_01,0.885498351
8283_01,0.866069838
8284_01,0.870934384
8284_02,0.463379817
8285_01,0.469740946
8286_01,0.867054987
8290_01,0.854821673
8293_01,0.425533377
8296_01,0.870934384
8299_01,0.461261984
8304_01,0.457030585
8304_02,0.898610217
8304_03,0.471863612
8305_01,0.882881235
8305_02,0.852694238
8305_03,0.870934384
8308_01,0.419297521
8309_01,0.983858211
8311_01,0.469740946
8312_01,0.881107795
8325_01,0.876572349
8325_02,0.444375927
8327_01,0.463379817
8331_01,0.433884513
8337_01,0.476111921
8340_01,0.382485237
8340_02,0.464621629
8340_03,0.452805378
8347_01,0.879311171
8349_01,0.417581144
8350_01,0.466741524
8351_01,0.427617374
8352_01,0.471863612
8353_01,0.467619374
8355_01,0.887214684
8357_01,0.464468877
8357_02,0.883759322
8358_01,0.45491717
8359_01,0.476111921
8361_01,0.44858696
8361_02,0.459145548
8361_03,0.495263253
8361_04,0.862067382
8361_05,0.446480483
8364_01,0.881107795
8367_01,0.40690468
8370_01,0.44858696
8370_02,0.42137338
8372_01,0.868033995
8385_01,0.874716934
8385_02,0.443505361
8385_03,0.495263253
8387_01,0.491370737
8389_01,0.884631686
8391_01,0.40690468
8396_01,0.450695283
8399_01,0.42137338
8400_01,0.467619374
8400_02,0.865078524
8400_03,0.476111921
8402_01,0.86997367
8402_02,0.878404106
8402_03,0.878404106
8408_01,0.48036369
8408_02,0.863077318
8412_01,0.45491717
8413_01,0.887214684
8415_01,0.411023301
8417_01,0.423452022
8422_01,0.45491717
8424_01,0.476111921
8425_01,0.8880644
8425_02,0.864081025
8426_01,0.45491717
8426_02,0.442273364
8428_01,0.467619374
8434_01,0.863077318
8435_01,0.984650271
8436_01,0.444375927
8439_01,0.883759322
8440_01,0.463379817
8440_02,0.897047175
8440_03,0.883759322
8443_01,0.883759322
8443_02,0.419297521
8445_01,0.874716934
8445_02,0.849454805
8445_03,0.512300087
8446_01,0.481610167
8450_01,0.879311171
8450_02,0.476111921
8450_03,0.883759322
8453_01,0.467619374
8455_01,0.413087336
8461_01,0.431793014
8464_01,0.429703944
8464_02,0.86997367
8473_01,0.514428494
8473_02,0.461261984
8478_01,0.897047175
8478_02,0.463379817
8484_01,0.865078524
8485_01,0.848362044
8488_01,0.463379817
8490_01,0.453527115
8496_01,0.457030585
8497_01,0.473987296
8498_01,0.457030585
8499_01,0.879311171
8501_01,0.872837674
8505_01,0.404850228
8507_01,0.453527115
8510_01,0.392595706
8510_02,0.886359342
8513_01,0.438074513
8515_01,0.465498973
8517_01,0.461261984
8517_02,0.881997401
8518_01,0.881107795
8519_01,0.471863612
8520_01,0.39666636
8520_02,0.505912496
8525_01,0.438074513
8525_02,0.856923538
8526_01,0.463379817
8526_02,0.450695283
8527_01,0.881997401
8529_01,0.404850228
8531_01,0.884631686
8532_01,0.402799104
8533_01,0.840529563
8534_01,0.495263253
8534_02,0.897831345
8534_03,0.875035759
8534_04,0.465498973
8538_01,0.98344724
8543_01,0.390565925
8543_02,0.880212393
8543_03,0.471863612
8543_04,0.463379817
8543_05,0.413087336
8543_06,0.461261984
8543_07,0.867054987
8543_08,0.429703944
8546_01,0.885498351
8547_01,0.478237411
8550_01,0.469740946
8553_01,0.408962393
8555_01,0.866069838
8555_02,0.431793014
8555_03,0.514428494
8558_01,0.871889044
8562_01,0.431793014
8563_01,0.486746487
8564_01,0.476111921
8565_01,0.872837674
8565_02,0.503782768
8565_03,0.41515443
8567_01,0.423452022
8567_02,0.457030585
8567_03,0.457030585
8568_01,0.872837674
8568_02,0.877491173
8575_01,0.467619374
8576_01,0.878404106
8578_01,0.471863612
8579_01,0.880212393
8582_01,0.883759322
8583_01,0.876572349
8583_02,0.893045969
8590_01,0.37646681
8591_01,0.478237411
8593_01,0.427617374
8600_01,0.8880644
8601_01,0.980460476
8608_01,0.888908517
8621_01,0.473987296
8622_01,0.473987296
8625_01,0.484618305
8627_01,0.476111921
8630_01,0.461261984
8632_01,0.886359342
8632_02,0.894662624
8647_01,0.881107795
8648_01,0.508042011
8648_02,0.473987296
8648_03,0.880212393
8649_01,0.459145548
8651_01,0.465498973
8652_01,0.461261984
8655_01,0.471863612
8660_01,0.452805378
8662_01,0.459145548
8665_01,0.883759322
8666_01,0.875647611
8676_01,0.469740946
8677_01,0.461261984
8677_02,0.462503012
8677_03,0.400751374
8678_01,0.892229479
8678_02,0.463379817
8679_01,0.881107795
8682_01,0.425533377
8686_01,0.440172868
8689_01,0.894662624
8690_01,0.431793014
8690_02,0.463379817
8692_01,0.881997401
8692_02,0.413087336
8692_03,0.879311171
8697_01,0.878404106
8698_01,0.452805378
8699_01,0.851620884
8702_01,0.423452022
8705_01,0.984520969
8706_01,0.473987296
8707_01,0.471863612
8711_01,0.418439085
8713_01,0.452805378
8713_02,0.857964931
8715_01,0.884631686
8718_01,0.438074513
8724_01,0.467619374
8725_01,0.893857009
8726_01,0.866069838
8730_01,0.42137338
8731_01,0.463379817
8737_01,0.862067382
8738_01,0.869006881
8739_01,0.444375927
8740_01,0.467619374
8742_01,0.440172868
8745_01,0.469740946
8746_01,0.883759322
8747_01,0.86997367
8747_02,0.404850228
8748_01,0.476111921
8748_02,0.453527115
8756_01,0.446480483
8758_01,0.438074513
8758_02,0.398707105
8761_01,0.378468822
8763_01,0.452805378
8763_02,0.476111921
8763_03,0.514428494
8765_01,0.440172868
8767_01,0.435978371
8767_02,0.486746487
8768_01,0.48249068
8768_02,0.444375927
8768_03,0.453527115
8775_01,0.864081025
8777_01,0.438074513
8778_01,0.870934384
8778_02,0.896257682
8784_01,0.471863612
8788_01,0.465498973
8792_01,0.463379817
8793_01,0.476111921
8793_02,0.878404106
8793_03,0.877491173
8793_04,0.415510551
8793_05,0.856923538
8795_01,0.463379817
8800_01,0.897047175
8800_02,0.495263253
8800_03,0.510171233
8800_04,0.473987296
8800_05,0.48887515
8803_01,0.881997401
8804_01,0.887361349
8804_02,0.839384266
8804_03,0.887214684
8804_04,0.461261984
8804_05,0.486746487
8810_01,0.424671511
8814_01,0.885498351
8829_01,0.476111921
8832_01,0.429703944
8837_01,0.429703944
8839_01,0.378468822
8839_02,0.419297521
8846_01,0.45316877
8846_02,0.435978371
8847_01,0.888908517
8851_01,0.886359342
8855_01,0.48036369
8857_01,0.888908517
8859_01,0.473987296
8866_01,0.400751374
8870_01,0.888908517
8870_02,0.429703944
8873_01,0.461261984
8873_02,0.448949745
8873_03,0.845044654
8875_01,0.510171233
8875_02,0.457394534
8875_03,0.871889044
8877_01,0.875035759
8877_02,0.849454805
8879_01,0.881997401
8882_01,0.417224515
8887_01,0.861051197
8888_01,0.476111921
8893_01,0.877491173
8893_02,0.887214684
8895_01,0.870139474
8895_02,0.427617374
8898_01,0.431793014
8908_01,0.883759322
8909_01,0.486746487
8911_01,0.428839936
8912_01,0.870934384
8913_01,0.865078524
8913_02,0.898610217
8913_03,0.503782768
8914_01,0.465498973
8915_01,0.427617374
8916_01,0.865078524
8917_01,0.877491173
8921_01,0.878404106
8924_01,0.869006881
8925_01,0.897047175
8925_02,0.512300087
8925_03,0.888908517
8925_04,0.427617374
8925_05,0.868033995
8925_06,0.983585361
8927_01,0.429703944
8929_01,0.390565925
8931_01,0.461261984
8933_01,0.467619374
8934_01,0.446480483
8935_01,0.467619374
8936_01,0.404000792
8943_01,0.467619374
8946_01,0.870934384
8949_01,0.394629206
8950_01,0.459145548
8951_01,0.45491717
8952_01,0.465498973
8953_01,0.384499518
8957_01,0.419297521
8958_01,0.880212393
8960_01,0.514428494
8960_02,0.469740946
8960_03,0.899383816
8962_01,0.465498973
8963_01,0.878404106
8965_01,0.446480483
8971_01,0.417224515
8974_01,0.875647611
8979_01,0.437206578
8980_01,0.476111921
8980_02,0.467619374
8980_03,0.880212393
8980_04,0.467619374
8980_05,0.362573859
8980_06,0.885498351
8980_07,0.882881235
8984_01,0.48249068
8990_01,0.848362044
8991_01,0.425533377
8994_01,0.431793014
8994_02,0.893045969
8995_01,0.433884513
9000_01,0.478237411
9002_01,0.486746487
9005_01,0.875647611
9016_01,0.467619374
9016_02,0.380474984
9016_03,0.456155581
9016_04,0.875647611
9016_05,0.453527115
9017_01,0.865078524
9022_01,0.44858696
9022_02,0.879311171
9022_03,0.899383816
9025_01,0.425533377
9025_02,0.899383816
9027_01,0.423452022
9033_01,0.864081025
9039_01,0.880212393
9040_01,0.400751374
9044_01,0.476111921
9045_01,0.471863612
9045_02,0.463379817
9047_01,0.476111921
9050_01,0.884631686
9051_01,0.41515443
9053_01,0.878404106
9053_02,0.460385748
9054_01,0.893045969
9055_01,0.390565925
9056_01,0.40690468
9058_01,0.444738053
9062_01,0.459145548
9062_02,0.837073729
9063_01,0.868033995
9065_01,0.875035759
9067_01,0.484618305
9067_02,0.892229479
9070_01,0.471863612
9070_02,0.473987296
9082_01,0.471863612
9083_01,0.86997367
9083_02,0.876572349
9086_01,0.881107795
9086_02,0.48249068
9087_01,0.45491717
9088_01,0.45491717
9090_01,0.473987296
9091_01,0.870934384
9092_01,0.452805378
9093_01,0.413087336
9095_01,0.44858696
9096_01,0.874716934
9096_02,0.879311171
9100_01,0.473987296
9102_01,0.870934384
9105_01,0.874716934
9109_01,0.866069838
9113_01,0.883759322
9117_01,0.42137338
9121_01,0.882881235
9123_01,0.850541079
9133_01,0.876572349
9135_01,0.465498973
9138_01,0.981544314
9143_01,0.45491717
9143_02,0.476111921
9143_03,0.476111921
9146_01,0.404850228
9146_02,0.45491717
9146_03,0.887214684
9147_01,0.875035759
9153_01,0.48249068
9154_01,0.886359342
9155_01,0.478237411
9155_02,0.413087336
9155_03,0.877491173
9155_04,0.86997367
9162_01,0.878404106
9162_02,0.452805378
9162_03,0.438074513
9166_01,0.840529563
9171_01,0.452805378
9177_01,0.883759322
9177_02,0.875035759
9182_01,0.985280994
9187_01,0.429703944
9187_02,0.450695283
9191_01,0.863077318
9198_01,0.44858696
9200_01,0.478237411
9204_01,0.461261984
9206_01,0.457030585
9206_02,0.41515443
9206_03,0.982883239
9207_01,0.476111921
9209_01,0.444375927
9210_01,0.473987296
9212_01,0.486746487
9212_02,0.864081025
9214_01,0.446480483
9215_01,0.862067382
9216_01,0.467619374
9223_01,0.879311171
9223_02,0.885498351
9228_01,0.480729769
9229_01,0.463379817
9232_01,0.427617374
9236_01,0.486746487
9238_01,0.49313361
9238_02,0.897047175
9238_03,0.886359342
9238_04,0.459145548
9238_05,0.8880644
9238_06,0.514428494
9238_07,0.446480483
9240_01,0.48249068
9243_01,0.440172868
9245_01,0.471863612
9249_01,0.469740946
9255_01,0.446480483
9258_01,0.874716934
9260_01,0.901046138
9262_01,0.471863612
9263_01,0.861051197
9265_01,0.423452022
9266_01,0.429703944
9266_02,0.86997367
9269_01,0.425533377
9271_01,0.875035759
9273_01,0.453527115
9277_01,0.861051197
